
Attaching package: 'dplyr'

The following objects are masked from 'package:stats':

    filter, lag

The following objects are masked from 'package:base':

    intersect, setdiff, setequal, union

[1] "fAf7aADL-3SYergZHqxgb_E9RXblJn3xZKpY1gviV71lM3sVU9qnfInYlZtC7CdaXoJU1KruBFsjVYkmjMOJMn7Nbfjp_ZJIu1lKyMYPne01"
[1] "Fundet tabel som dataframe:"
     Målt (starttid)   CO  NO2   NOX  SO2   O3  PM10 PM2.5
1   11-01-2025 11:00 0,20  7,5  14,4      61,5  19,3      
2   11-01-2025 10:00 0,20  8,8  16,0      62,8  23,7      
3   11-01-2025 09:00 0,19  7,6  13,5 0,22 64,4  25,6      
4   11-01-2025 08:00 0,19  5,7   9,9      66,0  18,7      
5   11-01-2025 07:00 0,18  4,7   7,1 0,08 66,6  16,5      
6   11-01-2025 06:00 0,16  4,0   5,2 0,03 67,6  10,9      
7   11-01-2025 05:00 0,16  3,5   3,7 0,03 67,6   9,6      
8   11-01-2025 04:00 0,17  3,4   4,6      66,2  10,7      
9   11-01-2025 03:00 0,16  3,8   4,9      65,4  11,4      
10  11-01-2025 02:00 0,18  4,3   6,6      63,6  10,1      
11  11-01-2025 01:00 0,18  4,5   7,5      62,1   8,4      
12  11-01-2025 00:00 0,21  8,6  14,0      60,6  11,7      
13  10-01-2025 23:00 0,22  8,7  15,3      57,5  13,0      
14  10-01-2025 22:00 0,22 10,7  18,8      51,7   7,4      
15  10-01-2025 21:00 0,23  9,3  17,8      48,7   8,4      
16  10-01-2025 20:00 0,24 10,9  20,2 0,10 47,2   7,7   6,7
17  10-01-2025 19:00 0,24 11,7  22,2 0,14 44,9   9,0   7,6
18  10-01-2025 18:00 0,26 15,5  30,6 0,11 38,9  10,5   7,7
19  10-01-2025 17:00 0,29 19,8  37,8 0,64 33,5   3,4   7,7
20  10-01-2025 16:00 0,35 25,1  61,8 0,42 28,3   8,8   9,7
21  10-01-2025 15:00 0,36 27,4  64,1 0,46 28,8  10,9   8,5
22  10-01-2025 14:00 0,31 19,6  45,3      33,7  13,4   7,9
23  10-01-2025 13:00 0,29 19,5  46,3 0,04 33,0  42,1  10,5
24  10-01-2025 12:00 0,28 26,8  63,3 0,64 29,4  52,8   8,2
25  10-01-2025 11:00 0,27 20,6  52,0 0,27 30,8  50,3   8,5
26  10-01-2025 10:00 0,25 31,0  70,9 0,57 27,9  59,7  11,1
27  10-01-2025 09:00 0,29 40,4  87,4 0,77 21,5  54,2  11,2
28  10-01-2025 08:00 0,43 56,0 140,8  1,4 11,8  44,2  10,6
29  10-01-2025 07:00 0,40 52,2 115,7 0,84 12,6  20,4  12,0
30  10-01-2025 06:00 0,30 37,1  78,6 0,48 25,3  19,5   9,9
31  10-01-2025 05:00 0,20 13,1  20,7      46,0  21,3   7,7
32  10-01-2025 04:00 0,17  9,8  13,0 0,40 51,5   4,3   7,0
33  10-01-2025 03:00 0,17  7,1  10,0      58,8   6,8   6,1
34  10-01-2025 02:00 0,18  6,3   9,0 0,06 59,9   3,7   8,7
35  10-01-2025 01:00 0,20  8,8  11,5 0,40 47,8  11,8  10,8
36  10-01-2025 00:00 0,20 10,5  14,2      51,7   7,0  17,3
37  09-01-2025 23:00 0,19 10,7  16,3 0,03 57,4  11,6  12,6
38  09-01-2025 22:00 0,26 20,5  31,2      48,0  20,2  17,7
39  09-01-2025 21:00 0,23 19,3  28,2 0,02 52,3  23,0  14,1
40  09-01-2025 20:00 0,21 19,8  32,4 0,11 52,5  24,2  11,6
41  09-01-2025 19:00 0,23 22,1  34,3 0,20 49,8  25,1  11,2
42  09-01-2025 18:00 0,30 33,2  57,2 0,41 40,0  36,7  14,9
43  09-01-2025 17:00 0,36 38,9  76,8 0,50 36,7  49,8  12,6
44  09-01-2025 16:00 0,36 42,9  84,7 0,71 33,5  29,9  12,0
45  09-01-2025 15:00 0,37 46,7  90,0 0,89 32,2  31,4  14,4
46  09-01-2025 14:00 0,40 41,9  95,5 0,92 32,9  45,5  17,0
47  09-01-2025 13:00 0,27 33,8  67,0 0,63 40,1  50,7  14,1
48  09-01-2025 12:00 0,21 25,0  49,5 0,47 47,0  36,3  12,2
49  09-01-2025 11:00 0,24 34,4  71,3 0,87 39,1  38,0  22,7
50  09-01-2025 10:00 0,24 35,6  72,4 0,85 33,6  33,1  11,6
51  09-01-2025 09:00 0,24 34,8  74,4 0,77 33,4  28,6  16,9
52  09-01-2025 08:00 0,28 38,1  87,3 0,96 30,1  23,4  10,9
53  09-01-2025 07:00 0,26 41,1  81,6 0,66 28,5  21,7  17,0
54  09-01-2025 06:00 0,26 38,0  67,7 0,61 30,9  20,1   6,5
55  09-01-2025 05:00 0,16 13,5  21,8 0,84 57,5  13,9   7,1
56  09-01-2025 04:00 0,15  6,0   8,5 0,62 64,2  16,7   5,9
57  09-01-2025 03:00 0,15  4,4   5,7 0,56 66,7  11,8   5,4
58  09-01-2025 02:00 0,16  5,2   6,3 0,36 64,8  13,3   8,2
59  09-01-2025 01:00 0,16  7,3   9,5 0,40 64,6  14,2   7,6
60  09-01-2025 00:00 0,17  6,8   9,4 0,24 67,4  17,7  11,6
61  08-01-2025 23:00 0,17  8,0  13,1 0,49 65,6  10,7  10,3
62  08-01-2025 22:00 0,19 11,0  17,8 0,67 63,8  16,6  12,9
63  08-01-2025 21:00 0,19 11,3  19,0 0,48 65,0  19,0  10,8
64  08-01-2025 20:00 0,22 13,7  23,1 0,53 63,6  18,7   9,0
65  08-01-2025 19:00 0,19 10,8  18,5 0,52 66,9  11,1  10,5
66  08-01-2025 18:00 0,21  8,1  16,5 0,67 66,9  20,6  12,2
67  08-01-2025 17:00 0,20 14,4  26,1 0,35 63,6  11,3   7,6
68  08-01-2025 16:00 0,25 17,5  35,0 0,98 60,6  12,3   9,7
69  08-01-2025 15:00 0,25 19,8  40,4  1,2 61,5  12,7  12,5
70  08-01-2025 14:00 0,20 16,5  32,7 0,23 64,3  19,6  13,8
71  08-01-2025 13:00 0,19 12,4  24,4  1,3 67,2  15,1   8,8
72  08-01-2025 12:00 0,19 13,4  27,9 0,60 65,7  25,8  12,6
73  08-01-2025 11:00 0,16 12,9  24,9  1,1 65,2  13,0  10,5
74  08-01-2025 10:00 0,18 13,5  25,9 0,80 64,4  18,0  14,9
75  08-01-2025 09:00 0,19 16,5  33,2 0,77 62,2  25,0   6,2
76  08-01-2025 08:00 0,20 19,6  39,9  1,0 58,0  10,3   6,7
77  08-01-2025 07:00 0,20 18,2  34,2  1,2 58,8  17,7  10,9
78  08-01-2025 06:00 0,19 12,3  22,4 0,80 59,8  24,4  10,9
79  08-01-2025 05:00 0,16  7,2  11,1 0,69 62,2  11,8  12,5
80  08-01-2025 04:00       5,9   7,6 0,14 61,3   9,2   9,7
81  08-01-2025 03:00 0,01  6,0   7,4 0,22 60,5  16,3  15,8
82  08-01-2025 02:00 0,01  7,4   8,5 0,07 58,0  10,0  11,9
83  08-01-2025 01:00 0,01  6,5   7,8 0,11 62,4   4,3   7,6
84  08-01-2025 00:00 0,04  8,7  10,8 0,04 60,6  12,9  15,8
85  07-01-2025 23:00 0,09 10,3  13,3      59,1  10,8  12,2
86  07-01-2025 22:00 0,18 10,4  14,3      56,4   7,0  13,4
87  07-01-2025 21:00 0,26 10,1  14,7      57,7  13,7  11,6
88  07-01-2025 20:00 0,28 11,7  17,9      58,3  21,6  15,4
89  07-01-2025 19:00 0,29 11,2  17,4 0,12 60,4  15,2  12,9
90  07-01-2025 18:00 0,28 11,1  19,0      61,6  17,5  12,8
91  07-01-2025 17:00 0,29 12,4  21,5 0,16 60,5  15,7  13,4
92  07-01-2025 16:00 0,28 15,9  30,2      57,6  23,1  11,2
93  07-01-2025 15:00 0,31 22,1  59,8 0,71 53,9  12,6  10,0
94  07-01-2025 14:00 0,23 17,8  46,3 0,16 56,7  22,8  12,8
95  07-01-2025 13:00 0,22 14,2  29,5 0,26 60,4  14,1  10,2
96  07-01-2025 12:00 0,22 15,9  29,8 0,11 62,6  19,2  15,1
97  07-01-2025 11:00 0,19 12,4  25,7      68,0   8,0   8,0
98  07-01-2025 10:00 0,21 14,0  26,0      62,3  27,1  11,7
99  07-01-2025 09:00 0,22 14,1  29,2 0,31 61,7  15,1  10,3
100 07-01-2025 08:00 0,21 18,3  33,7 0,77 57,8  14,1  12,6
101 07-01-2025 07:00 0,21 10,8  20,8      63,9  25,9  12,9
102 07-01-2025 06:00 0,18  7,9  14,3 0,22 67,5   7,2   7,4
103 07-01-2025 05:00 0,16  9,3  22,1      69,0  18,8   8,0
104 07-01-2025 04:00 0,16  3,6   4,4      72,3   8,8   9,1
105 07-01-2025 03:00 0,08  7,7   7,8 0,96 68,3   3,4   9,6
106 07-01-2025 02:00 0,09  8,3   8,2 0,50 66,0  15,1  14,0
107 07-01-2025 01:00 0,09  6,6   6,2 0,68 67,5   4,8   8,0
108 07-01-2025 00:00 0,09  6,5   7,1 0,31 65,8   3,4   5,9
109 06-01-2025 23:00 0,12  6,6   7,3 0,14 60,7  14,9   7,7
110 06-01-2025 22:00 0,14  8,3  10,7  1,1 51,8   3,0  11,4
111 06-01-2025 21:00 0,13  7,2   9,9 0,68 54,1   4,0  12,6
112 06-01-2025 20:00 0,11  7,8  10,3 0,62 62,2  11,7  10,8
113 06-01-2025 19:00 0,10  8,6  10,4 0,47 59,6   8,4   9,3
114 06-01-2025 18:00 0,13 10,0  13,3 0,34 57,1   9,6   8,8
115 06-01-2025 17:00 0,19 10,1  17,6 0,03 56,6  21,3   9,9
116 06-01-2025 16:00 0,24 16,3  31,6  1,0 47,3   9,2   9,7
117 06-01-2025 15:00 0,24 23,4  44,1  1,1 39,6   4,4  10,6
118 06-01-2025 14:00 0,21 17,7  34,5 0,35 41,9  12,8  10,6
119 06-01-2025 13:00 0,20 15,5  29,9 0,20 41,6  21,2  10,2
120 06-01-2025 12:00 0,32 38,5  81,9  1,4 18,5   7,6   6,4
121 06-01-2025 11:00 0,36 35,6  78,7 0,59 15,8  15,0   4,1
122 06-01-2025 10:00 0,33 24,3  56,1  1,1 24,5   3,2   5,8
123 06-01-2025 09:00 0,35 22,1  51,2      28,0  11,3   7,0
124 06-01-2025 08:00 0,37 20,1  44,8 0,83 31,6   7,0   6,8
125 06-01-2025 07:00 0,36 19,4  41,1 0,12 34,6   7,7   7,4
126 06-01-2025 06:00 0,34 18,5  33,9 0,27 38,1  12,1  11,4
127 06-01-2025 05:00 0,29 11,6  16,7  1,2 48,6   3,8   9,9
128 06-01-2025 04:00 0,23  6,5   9,9 0,49 65,3  11,4   7,6
129 06-01-2025 03:00 0,21  5,0   6,6 0,63 73,4   4,1   5,8
130 06-01-2025 02:00 0,18  6,4   9,0  1,0 73,3   2,1   5,9
131 06-01-2025 01:00 0,17  4,6   6,7 0,38 73,3  12,9   7,4
132 06-01-2025 00:00 0,18  4,4   6,4 0,57 77,4   6,8   2,9
133 05-01-2025 23:00 0,16  4,4   6,2 0,62 82,4   1,5   2,4
134 05-01-2025 22:00 0,17  6,8   9,9 0,31 74,2   1,5   6,4
135 05-01-2025 21:00 0,20  9,6  14,4 0,39 67,8  12,1   8,5
136 05-01-2025 20:00 0,24 12,8  19,8 0,87 61,1   5,7  10,6
137 05-01-2025 19:00 0,21 12,9  19,5 0,52 60,5   4,1  10,3
138 05-01-2025 18:00 0,23 14,4  23,8 0,20 59,7  13,3   9,4
139 05-01-2025 17:00 0,27 21,4  34,1  1,0 54,0   7,1   7,3
140 05-01-2025 16:00 0,26 24,8  42,0 0,48 49,4   5,1   9,7
141 05-01-2025 15:00 0,31 32,2  54,7 0,48 45,9  16,5  13,7
142 05-01-2025 14:00 0,26 25,1  38,6 0,81 49,8   5,1  11,4
143 05-01-2025 13:00 0,26 20,5  39,6 0,11 51,8  10,4  14,4
144 05-01-2025 12:00 0,28 23,8  40,6 0,32 50,3  11,7  10,6
145 05-01-2025 11:00 0,28 26,9  51,1 0,56 45,7   8,5  10,3
146 05-01-2025 10:00 0,23 24,3  42,9 0,49 44,1   4,1  19,9
147 05-01-2025 09:00 0,34 53,7 112,1 0,79 12,8  18,1   4,4
148 05-01-2025 08:00 0,21 24,1  35,5 0,13 42,6   5,5   2,1
149 05-01-2025 07:00 0,17 12,2  18,7 0,04 50,6   4,1   5,3
150 05-01-2025 06:00 0,18 20,5  26,9 0,43 43,6   2,3  10,2
151 05-01-2025 05:00 0,20 39,8  52,5      25,7  13,0  11,6
152 05-01-2025 04:00 0,22 26,8  33,9 0,63 40,6   6,3   7,4
153 05-01-2025 03:00 0,20 12,4  16,9      55,6   6,2   6,8
154 05-01-2025 02:00 0,17  6,3   8,0 0,48 62,8   5,6   5,6
155 05-01-2025 01:00 0,17  7,9  11,1 0,61 63,1   5,3   8,3
156 05-01-2025 00:00 0,20 11,6  17,8 0,34 58,3   6,7   7,9
157 04-01-2025 23:00 0,27 20,4  38,7 0,66 52,1   8,1   9,7
158 04-01-2025 22:00 0,29 23,8  43,9 0,76 51,0   9,4   9,6
159 04-01-2025 21:00 0,32 36,4  78,6 0,87 40,0   9,8  12,0
160 04-01-2025 20:00 0,29 34,7  65,6 0,93 42,3   9,6  12,6
161 04-01-2025 19:00 0,26 28,7  49,0 0,65 48,9   5,0  14,4
162 04-01-2025 18:00 0,26 31,0  51,7 0,28 45,2  19,9  12,5
163 04-01-2025 17:00 0,28 34,4  55,7 0,56 40,9  11,3  11,4
164 04-01-2025 16:00 0,30 39,0  62,0 0,83 39,4  11,3  13,7
165 04-01-2025 15:00 0,28 38,9  75,7 0,64 39,4  12,5   9,1
166 04-01-2025 14:00 0,28 25,5  48,1 0,93 48,4  11,9  11,6
167 04-01-2025 13:00 0,22 19,1  37,5 0,20 53,4  15,3  10,2
168 04-01-2025 12:00 0,22 19,6  35,0 0,40 52,9  12,4   9,9
169 04-01-2025 11:00 0,25 22,3  40,2 0,39 48,7  15,9   9,7
170 04-01-2025 10:00 0,21 20,9  38,0 0,56 48,0  13,2   9,9
171 04-01-2025 09:00 0,24 39,4  80,0  1,0 31,9  13,8   7,0
172 04-01-2025 08:00 0,23 41,0  63,4 0,59 31,4  12,9   9,7
173 04-01-2025 07:00 0,20 26,8  35,4 0,27 41,3   8,7   6,8
174 04-01-2025 06:00 0,19 23,6  28,5 0,30 45,6  10,7   8,2
175 04-01-2025 05:00 0,19 28,9  36,9 0,24 37,5   7,5   7,6
176 04-01-2025 04:00 0,26 29,7  43,4 0,40 35,8   8,6   8,2
177 04-01-2025 03:00 0,22 16,8  26,4      54,6   7,9  10,9
178 04-01-2025 02:00 0,20  9,9  14,5      63,0   9,2   6,8
179 04-01-2025 01:00 0,21  8,0  12,8      64,6   7,9   7,4
180 04-01-2025 00:00 0,22  7,5  13,4      65,0  10,4   9,3
181 03-01-2025 23:00 0,22 12,7  21,5      62,8  12,1  11,6
182 03-01-2025 22:00 0,22 10,7  19,5      62,9  13,7   7,1
183 03-01-2025 21:00 0,21  8,2  13,0      66,3  17,6   9,4
184 03-01-2025 20:00 0,21  8,6  13,0 0,18 65,9  14,1   9,9
185 03-01-2025 19:00 0,20 10,9  17,0      61,8  18,8  12,5
186 03-01-2025 18:00 0,21 11,5  19,6      61,3  17,9   9,6
187 03-01-2025 17:00 0,22 10,6  20,3 0,02 62,2  17,1   7,9
188 03-01-2025 16:00 0,22 12,7  22,3 0,20 62,0  16,6  12,2
189 03-01-2025 15:00 0,24 16,0  34,2 0,10 61,9  13,9   4,4
190 03-01-2025 14:00 0,22 15,0  29,5 0,14 67,8  12,6   3,0
191 03-01-2025 13:00 0,20 11,9  22,9 0,56 71,0  12,7   6,1
192 03-01-2025 12:00 0,19 13,0  27,2 0,39 71,4  11,0   9,3
193 03-01-2025 11:00 0,20 14,7  27,1 0,12 70,5  21,6   4,2
194 03-01-2025 10:00 0,19 17,3  32,1 0,41 65,0   9,2   6,1
195 03-01-2025 09:00 0,16 13,9  24,9 0,18 66,8   6,0   5,0
196 03-01-2025 08:00 0,17 12,1  25,1 0,28 68,8  12,8   4,1
197 03-01-2025 07:00 0,17 13,6  24,5 0,07 64,9   6,7   5,0
198 03-01-2025 06:00 0,20 14,1  27,6      62,2   7,6   6,7
199 03-01-2025 05:00 0,17  6,7  10,9      65,2   8,5   5,1
200 03-01-2025 04:00 0,17  8,1  11,8      63,4  10,1   6,4
201 03-01-2025 03:00 0,17  5,7   8,9      66,3   7,9   5,9
202 03-01-2025 02:00 0,17  6,5   9,3      67,1   8,4   7,9
203 03-01-2025 01:00 0,17  4,5   6,7      70,8   8,3   7,3
204 03-01-2025 00:00 0,17  5,8   8,2      72,8   8,6   7,7
205 02-01-2025 23:00 0,20  8,7  12,3      70,7   9,3   5,6
206 02-01-2025 22:00 0,21  8,4  14,7      71,0   9,2   4,8
207 02-01-2025 21:00 0,20  8,5  14,3      71,0   5,8   8,3
208 02-01-2025 20:00 0,24 16,7  29,7      60,3  14,8  12,6
209 02-01-2025 19:00 0,28 20,2  33,9      50,1  14,0   7,3
210 02-01-2025 18:00 0,25 24,9  43,5      48,5  11,0  14,9
211 02-01-2025 17:00 0,31 28,3  52,2      47,3  14,8  13,8
212 02-01-2025 16:00 0,32 33,7  67,6 0,10 42,8  18,6  12,3
213 02-01-2025 15:00 0,32 26,7  54,4      53,7  17,6  10,3
214 02-01-2025 14:00 0,27 26,1  56,2 0,11 55,0   5,5   8,7
215 02-01-2025 13:00 0,22 21,4  42,5      58,5  16,6   5,3
216 02-01-2025 12:00 0,22 15,8  29,7      60,7  10,3   5,0
217 02-01-2025 11:00 0,21 22,0  38,7      57,1  12,6   6,4
218 02-01-2025 10:00 0,25 23,8  45,4      56,3  19,7   5,8
219 02-01-2025 09:00 0,23 25,8  43,6      57,9  11,6   5,8
220 02-01-2025 08:00 0,20 18,0  31,2      62,7   7,3   4,7
221 02-01-2025 07:00 0,20 18,1  32,4 0,07 61,0   3,2   3,0
222 02-01-2025 06:00 0,18  8,4  16,4      69,1  14,4   5,0
223 02-01-2025 05:00 0,19  6,9  11,2      66,3   3,0   6,4
224 02-01-2025 04:00 0,18  5,0   6,3 0,71 65,6   8,0   5,9
225 02-01-2025 03:00 0,18  2,2   3,0  1,2 70,6   3,8   6,8
226 02-01-2025 02:00 0,17  2,2   2,8  1,4 69,9   1,3   5,3
227 02-01-2025 01:00 0,20  3,3   4,5  1,0 66,8   9,0   8,8
228 02-01-2025 00:00 0,19  2,5   3,3  1,9 73,7   2,9   8,8
229 01-01-2025 23:00 0,18  2,0   3,1 0,90 77,1   7,9   7,6
230 01-01-2025 22:00 0,20  3,7   6,6  2,0 76,5   6,6   8,5
231 01-01-2025 21:00 0,20  5,9  12,5  1,9 77,3   3,1   8,0
232 01-01-2025 20:00 0,17  6,7   9,9  1,1 79,6  10,4   9,6
233 01-01-2025 19:00 0,21  7,3  11,5  1,3 78,9  14,4   9,7
234 01-01-2025 18:00 0,19  4,9   8,2  2,1 82,3  0,50   5,0
235 01-01-2025 17:00 0,19  5,0   9,3  1,7 75,2   3,9   6,1
236 01-01-2025 16:00 0,19  6,7  11,6  1,7 63,4   6,5   8,7
237 01-01-2025 15:00 0,20  7,1  11,2  1,2 63,0  11,8  11,4
238 01-01-2025 14:00 0,19  6,9  12,0  2,1 65,5   4,8   8,7
239 01-01-2025 13:00 0,18  5,0   8,6  1,7 65,6   6,3   8,2
240 01-01-2025 12:00 0,20  6,3   9,8  1,6 63,2   7,1   4,1
241 01-01-2025 11:00 0,18  6,5   9,3  1,5 63,8   5,9   5,9
242 01-01-2025 10:00 0,19  5,4   7,4  1,4 64,0   7,4   8,3
243 01-01-2025 09:00 0,18  5,8   9,5  1,4 60,3   9,4  14,1
244 01-01-2025 08:00 0,20  6,0   8,0  1,1 55,9  16,7  18,9
245 01-01-2025 07:00 0,20  4,6   6,1 0,50 54,5  21,0  16,7
246 01-01-2025 06:00 0,21  6,4   8,9  1,8 53,5  10,3  13,5
247 01-01-2025 05:00 0,21  5,1   8,4  1,7 51,6   5,0  13,7
248 01-01-2025 04:00 0,21  6,1   9,0  1,1 49,5  12,0  12,6
249 01-01-2025 03:00 0,23  6,2  11,0 0,96 45,6  19,1  15,2
250 01-01-2025 02:00 0,23  6,8  11,7  1,4 44,4   3,8  12,9
251 01-01-2025 01:00 0,22  6,9   8,5 0,84 44,3  26,9  16,9
252 01-01-2025 00:00 0,23 11,4  16,3  1,9 37,2  48,4  63,0
253 31-12-2024 23:00 0,24 10,4  21,0  1,1 37,3 133,3  45,6
254 31-12-2024 22:00 0,23  8,7  13,0  1,4 40,1  10,1  14,4
255 31-12-2024 21:00 0,22  6,8   8,3 0,67 42,3   8,2  16,3
256 31-12-2024 20:00 0,24  7,9   9,7 0,53 39,7  16,2  18,9
257 31-12-2024 19:00 0,22  7,2   8,6  1,3 39,8   3,2  13,8
258 31-12-2024 18:00 0,22 10,3  15,4 0,38 40,5   9,6  12,2
259 31-12-2024 17:00 0,26 11,1  22,2  1,2 40,9  12,8  13,2
260 31-12-2024 16:00 0,23 11,5  22,7 0,88 45,3   4,5   9,7
261 31-12-2024 15:00 0,22 13,8  25,1 0,23 49,5  14,9  13,1
262 31-12-2024 14:00 0,22 17,2  31,9  1,1 55,3  14,4  14,1
263 31-12-2024 13:00 0,21 12,9  24,0  1,0 58,2   3,2   5,3
264 31-12-2024 12:00 0,22 13,8  27,4 0,66 55,2   7,0   7,7
265 31-12-2024 11:00 0,23 15,6  31,3 0,55 49,8  17,3   9,7
266 31-12-2024 10:00 0,25 24,3  38,2 0,85 46,9         9,0
267 31-12-2024 09:00 0,23 19,5  29,1 0,27 53,3  13,7   3,8
268 31-12-2024 08:00 0,21 19,7  29,7  1,0 58,3   1,4   4,1
269 31-12-2024 07:00 0,17 11,0  17,2 0,35 68,1   6,1   6,4
270 31-12-2024 06:00 0,17  9,6  14,2 0,98 67,6         8,0
271 31-12-2024 05:00 0,15  5,9   7,9 0,14 70,2  11,1   9,6
272 31-12-2024 04:00 0,14  3,2   4,8 0,62 72,3         9,7
273 31-12-2024 03:00 0,14  2,1   3,1 0,43 71,5  10,3  11,9
274 31-12-2024 02:00 0,13  1,8   2,7 0,57 71,7  10,1  13,8
275 31-12-2024 01:00 0,14  4,1   5,6 0,38 66,9   6,7  10,5
276 31-12-2024 00:00 0,18  4,8   8,1 0,49 65,4   6,4   9,6
277 30-12-2024 23:00 0,15  6,4  11,2 0,52 65,5  10,3   8,2
278 30-12-2024 22:00 0,15  4,7   8,9 0,52 67,0   7,1   9,1
279 30-12-2024 21:00 0,16  7,6  12,5 0,39 65,5   8,6   7,0
280 30-12-2024 20:00 0,17  7,9  13,6 0,16 65,5   9,2   8,0
281 30-12-2024 19:00 0,17  9,6  15,9 0,03 64,5  16,1  10,9
282 30-12-2024 18:00 0,19  9,3  18,0 0,94 65,9   7,9   8,5
283 30-12-2024 17:00 0,18  9,2  17,0 0,66 65,9   5,3   7,9
284 30-12-2024 16:00 0,17 13,2  25,3 0,68 63,3   9,9   9,1
285 30-12-2024 15:00 0,21 15,4  30,8 0,70 60,5  13,6   8,3
286 30-12-2024 14:00 0,21 16,8  29,9 0,63 58,7  15,2  11,2
287 30-12-2024 13:00 0,20 14,5  27,8 0,56 59,0  12,5  12,6
288 30-12-2024 12:00 0,19 11,4  23,5 0,48 62,9  13,4  10,8
289 30-12-2024 11:00 0,16 10,5  22,6 0,72 62,5   7,4   6,8
290 30-12-2024 10:00 0,16 12,8  25,5 0,67 59,8   8,4   2,2
291 30-12-2024 09:00 0,15  8,4  16,0 0,68 63,9  11,6  15,7
292 30-12-2024 08:00 0,15  9,9  17,5 0,66 63,3  12,1  12,0
293 30-12-2024 07:00 0,14 11,2  18,7 0,59 63,0  12,8  13,8
294 30-12-2024 06:00 0,14  8,1  13,1 0,62 65,3  13,0  14,6
295 30-12-2024 05:00 0,13  5,1   8,6 0,48 69,0  13,4  10,5
296 30-12-2024 04:00 0,16  2,8   3,9      71,3  18,8   7,9
297 30-12-2024 03:00 0,16  4,7   6,0      64,0   5,6   7,1
298 30-12-2024 02:00 0,14  4,8   6,8      62,5   6,0   8,7
299 30-12-2024 01:00 0,15  3,2   4,2      66,6  10,4  11,2
300 30-12-2024 00:00 0,16  4,4   6,8      64,1   7,1   7,3
301 29-12-2024 23:00 0,17  7,1  11,4      59,1   7,7   6,1
302 29-12-2024 22:00 0,20  9,1  14,8 0,03 58,7  15,8   8,7
303 29-12-2024 21:00 0,20 10,4  20,1      54,7   7,3   9,3
304 29-12-2024 20:00 0,23 14,9  26,0      43,7  15,7  16,9
305 29-12-2024 19:00 0,23 14,8  25,3      46,6  18,2  13,2
306 29-12-2024 18:00 0,28 17,9  36,8 0,11 32,3  14,0  16,9
307 29-12-2024 17:00 0,29 23,8  40,9      25,4  12,6  14,9
308 29-12-2024 16:00 0,31 24,9  43,2      23,5  18,7  15,2
309 29-12-2024 15:00 0,31 25,0  44,9 0,12 23,4   3,6   9,3
310 29-12-2024 14:00 0,28 21,6  40,7      28,6   8,7  11,9
311 29-12-2024 13:00 0,28 20,6  45,0      30,0  10,3  14,0
312 29-12-2024 12:00 0,28 17,6  37,0      27,7  14,4  13,2
313 29-12-2024 11:00 0,28 19,5  36,2      25,3   6,1  13,1
314 29-12-2024 10:00 0,28 17,8  31,1      25,0   3,3  11,6
315 29-12-2024 09:00 0,28 18,0  30,5      21,7  13,9  11,2
316 29-12-2024 08:00 0,28 19,6  28,1      18,2   2,6   9,3
317 29-12-2024 07:00 0,28 18,7  24,2      14,2  10,6  13,2
318 29-12-2024 06:00 0,29 19,5  23,9      14,4   9,0  12,5
319 29-12-2024 05:00 0,29 17,1  20,2      15,4   5,2  14,3
320 29-12-2024 04:00 0,33 17,7  20,3      13,9   8,7  16,1
321 29-12-2024 03:00 0,30 16,0  21,0 0,88 14,3  10,1  18,1
322 29-12-2024 02:00 0,34 14,8  19,9  1,2 17,3   6,2  21,9
323 29-12-2024 01:00 0,35 15,5  27,8 0,44 17,7  13,1  17,3
324 29-12-2024 00:00 0,32 16,4  26,2 0,85 21,8   3,8  16,7
325 28-12-2024 23:00 0,34 16,7  29,3  1,0 20,1  10,9  15,4
326 28-12-2024 22:00 0,36 13,9  28,6 0,11 19,4  15,2  14,4
327 28-12-2024 21:00 0,31 18,2  41,3 0,93 19,0   2,2   8,5
328 28-12-2024 20:00 0,34 15,3  38,4 0,30 14,6  17,5   8,0
329 28-12-2024 19:00 0,35 15,2  39,1  1,4 13,8   6,8  13,1
330 28-12-2024 18:00 0,36 17,5  49,5 0,50 14,1  18,1  14,8
331 28-12-2024 17:00 0,39 19,3  48,6  1,6 13,4  11,0  10,2
332 28-12-2024 16:00 0,32 18,9  46,2 0,36 13,3  16,0  12,5
333 28-12-2024 15:00 0,36 18,9  46,1  1,5 12,9   9,7  10,9
334 28-12-2024 14:00 0,37 18,1  48,3 0,33 12,7  17,8  10,2
335 28-12-2024 13:00 0,36 19,8  52,2  1,1 13,2  11,1  11,7
336 28-12-2024 12:00 0,33 14,6  41,0 0,59 16,1  13,2   3,5
337 28-12-2024 11:00 0,31 16,3  44,8 0,84 15,2   9,1   5,6
338 28-12-2024 10:00 0,30 15,6  39,5 0,36 16,8   6,3   8,0
339 28-12-2024 09:00 0,25 12,7  30,9 0,87 24,1   2,7   6,4
340 28-12-2024 08:00 0,22  8,9  20,7 0,39 29,4   9,1   8,2
341 28-12-2024 07:00 0,20  7,0  14,7      31,2   8,1   8,2
342 28-12-2024 06:00 0,21  4,3   9,5      33,1   3,5   7,3
343 28-12-2024 05:00 0,19  6,2  10,7 0,26 34,1  0,85   7,9
344 28-12-2024 04:00 0,18  6,8   9,8 0,40 33,1   9,4  10,6
345 28-12-2024 03:00 0,19  5,6   9,6 0,20 35,1         6,5
346 28-12-2024 02:00 0,20  7,3  12,8 0,32 36,8   7,8   8,3
347 28-12-2024 01:00 0,20  7,3  15,7 0,02 37,4   2,1   6,2
348 28-12-2024 00:00 0,23 11,2  22,2      32,9  12,3   9,4
349 27-12-2024 23:00 0,23 10,5  22,2      34,4   2,3  11,7
350 27-12-2024 22:00 0,25 13,2  29,8 0,20 32,7   4,1   6,4
351 27-12-2024 21:00 0,29 14,1  32,2 0,34 31,6         5,1
352 27-12-2024 20:00 0,28 22,0  52,0 0,51 22,2  11,9  16,0
353 27-12-2024 19:00 0,32 28,8  58,6 0,23 13,7   9,9  14,1
354 27-12-2024 18:00 0,33 24,4  50,9 0,80 20,3   5,2  11,6
355 27-12-2024 17:00 0,30 21,2  52,0      23,5  12,4  13,2
356 27-12-2024 16:00 0,31 22,5  46,9 0,67 23,2   4,2   7,7
357 27-12-2024 15:00 0,32 26,6  58,4 0,03 21,7  10,4  11,7
358 27-12-2024 14:00 0,32 26,1  63,1 0,81 23,3   9,5  12,3
359 27-12-2024 13:00 0,25 20,3  44,4      29,1   5,7   9,3
360 27-12-2024 12:00 0,24 22,5  50,1 0,43 26,9  11,4   8,8
361 27-12-2024 11:00 0,23 18,9  43,5 0,02 29,4   3,5   8,7
362 27-12-2024 10:00 0,22 20,2  40,9 0,31 26,1   9,9  11,1
363 27-12-2024 09:00 0,21 22,0  45,4      23,4   6,1   6,1
364 27-12-2024 08:00 0,20 18,5  39,7 0,22 25,4   2,2   6,4
365 27-12-2024 07:00 0,17 14,2  31,0      29,3  10,9   7,9
366 27-12-2024 06:00 0,19 16,1  35,2 0,23 27,9         8,7
367 27-12-2024 05:00 0,19 11,0  22,3      31,4   9,6  13,2
368 27-12-2024 04:00 0,18  6,3  10,3  1,2 36,8         7,4
369 27-12-2024 03:00 0,19  6,2   9,3  1,1 37,5   8,2   8,5
370 27-12-2024 02:00 0,19  5,0   6,8 0,99 41,3   2,1   8,3
371 27-12-2024 01:00 0,19  8,9  14,3  1,3 37,6   8,0  11,2
372 27-12-2024 00:00 0,22  9,3  15,6 0,99 39,2   3,0   8,0
373 26-12-2024 23:00 0,24 13,3  21,9  1,3 36,1   9,3   9,4
374 26-12-2024 22:00 0,23 13,3  24,9  1,5 35,2   2,6   7,7
375 26-12-2024 21:00 0,31 25,4  58,4  1,9 24,9 119,1 131,6
376 26-12-2024 20:00 0,28 13,7  27,2 0,32 37,7  14,7  10,3
377 26-12-2024 19:00 0,30 17,7  36,1  1,6 37,4   8,0   8,0
378 26-12-2024 18:00 0,26 16,9  34,3  1,8 40,3   1,3   8,0
379 26-12-2024 17:00 0,28 19,9  44,0  1,8 31,8   8,7   9,7
380 26-12-2024 16:00 0,28 17,6  38,6  1,4 32,3   7,3  10,0
381 26-12-2024 15:00 0,28 15,6  32,1  1,1 34,6   6,6   8,8
382 26-12-2024 14:00 0,25 13,1  30,0 0,89 37,7   9,3   8,8
383 26-12-2024 13:00 0,24 13,8  27,1  1,8 41,3   4,4   9,0
384 26-12-2024 12:00 0,23 13,3  25,2  1,4 46,2   6,1   8,7
385 26-12-2024 11:00 0,23 14,1  26,3 0,87 44,1   7,6   7,1
386 26-12-2024 10:00 0,21 14,0  25,3  1,5 41,6  10,7   6,2
387 26-12-2024 09:00 0,19 13,5  20,6  1,3 35,9   2,6   9,6
388 26-12-2024 08:00 0,20 14,7  22,9 0,62 35,0   7,5   6,2
389 26-12-2024 07:00 0,19  8,0  14,2 0,68 43,8  10,8   3,9
390 26-12-2024 06:00 0,17  4,6   8,5  1,8 47,2   1,1   5,3
391 26-12-2024 05:00 0,16  3,9   6,2  1,2 45,0   1,5   6,4
392 26-12-2024 04:00 0,16  3,3   4,8  1,0 45,0   2,5   4,2
393 26-12-2024 03:00 0,19  5,3   8,5      42,2   6,8   4,7
394 26-12-2024 02:00 0,17  5,6   6,7      39,3   1,8   8,8
395 26-12-2024 01:00 0,19  6,4   9,1      37,5   4,0   8,8
396 26-12-2024 00:00 0,20  9,9  17,2      38,3   5,6   9,4
397 25-12-2024 23:00 0,28 18,2  30,0      27,0   6,5  13,5
398 25-12-2024 22:00 0,31 19,5  36,2      17,3   7,7  13,2
399 25-12-2024 21:00 0,32 21,8  52,2 0,71 10,6 177,1 200,5
400 25-12-2024 20:00 0,31 22,0  48,5       8,4   8,7  12,6
401 25-12-2024 19:00 0,36 23,0  56,1       7,8  17,2  13,7
402 25-12-2024 18:00 0,35 21,1  47,5 0,25  6,8   8,1  13,4
403 25-12-2024 17:00 0,32 19,6  44,9       7,1   7,5  12,5
404 25-12-2024 16:00 0,32 23,5  49,9       8,1  10,0  14,4
405 25-12-2024 15:00 0,36 22,8  52,9       9,9  11,3  14,4
406 25-12-2024 14:00 0,35 22,5  50,5      11,0  18,2  12,8
407 25-12-2024 13:00 0,31 16,7  33,6 0,03 16,2   1,6   7,3
408 25-12-2024 12:00 0,29 14,1  29,0      18,5   8,1   5,1
409 25-12-2024 11:00 0,29 15,3  26,9      19,9   7,7   5,3
410 25-12-2024 10:00 0,27 13,0  18,6      22,0  10,4   8,0
411 25-12-2024 09:00 0,28 14,2  21,4      23,2   3,8   9,4
412 25-12-2024 08:00 0,28 10,8  14,0      27,8  12,6  16,3
413 25-12-2024 07:00 0,27 11,7  14,4      28,1   4,0  14,4
414 25-12-2024 06:00 0,27 10,1  12,3      30,5  15,4  15,4
415 25-12-2024 05:00 0,23  9,5  10,8 0,34 35,0   3,9  14,0
416 25-12-2024 04:00 0,22  9,5  10,5 0,76 38,3   9,9  14,6
417 25-12-2024 03:00 0,22  9,9  11,5 0,11 40,4  10,1  15,5
418 25-12-2024 02:00 0,22 11,2  12,7 0,97 40,8  16,7  14,3
419 25-12-2024 01:00 0,22 13,4  16,9 0,08 43,4  15,6  14,9
420 25-12-2024 00:00 0,22 10,8  15,1  1,1 49,3  10,1  10,6
421 24-12-2024 23:00 0,21 14,1  20,1      47,8  20,0  10,3
422 24-12-2024 22:00 0,23 14,6  21,2  1,0 45,5  13,3  11,1
423 24-12-2024 21:00 0,21 11,8  17,0 0,10 44,1  18,0   6,4
424 24-12-2024 20:00 0,22 12,3  18,3 0,69 43,3   9,8   7,0
425 24-12-2024 19:00 0,21 11,7  16,2 0,47 44,0  19,6  15,8
426 24-12-2024 18:00 0,21 13,6  20,3 0,59 40,7   8,5   9,6
427 24-12-2024 17:00 0,25 17,5  29,3 0,76 34,5  16,9  11,7
428 24-12-2024 16:00 0,27 21,7  36,3 0,07 29,9  18,4  12,0
429 24-12-2024 15:00 0,29 23,9  43,3  1,2 27,3  12,4   7,4
430 24-12-2024 14:00 0,27 20,3  38,1 0,32 30,0  21,3   5,9
431 24-12-2024 13:00 0,28 19,0  36,4 0,89 33,7  11,1   7,3
432 24-12-2024 12:00 0,28 20,4  41,1 0,80 34,1  20,0   8,3
433 24-12-2024 11:00 0,24 12,3  23,3 0,68 41,5   6,4   8,8
434 24-12-2024 10:00 0,23 11,9  21,3 0,60 38,4  15,0   9,7
435 24-12-2024 09:00 0,22 16,4  25,6 0,76 39,0   3,1   6,5
436 24-12-2024 08:00 0,21 18,5  26,4 0,68 47,1  12,9   8,7
437 24-12-2024 07:00 0,20  9,1  11,6 0,51 46,7   2,4   8,0
438 24-12-2024 06:00 0,24 15,5  24,4 0,91 33,1  14,3  11,4
439 24-12-2024 05:00 0,22 19,7  24,6 0,21 25,0  10,9  11,4
440 24-12-2024 04:00 0,21 25,4  40,2      19,8   5,8  15,2
441 24-12-2024 03:00 0,20 15,4  21,3      28,4  15,9  12,0
442 24-12-2024 02:00 0,21 16,0  20,9      28,7   4,1   9,7
443 24-12-2024 01:00 0,21 16,3  20,0      34,1  13,1  13,7
444 24-12-2024 00:00 0,21 14,9  21,1      38,9   7,6   9,3
445 23-12-2024 23:00 0,27 16,4  25,3      41,3  11,5   7,7
446 23-12-2024 22:00 0,28 12,7  19,3      43,9   5,7  10,5
447 23-12-2024 21:00 0,22 13,2  20,0      49,3  14,1  10,3
448 23-12-2024 20:00 0,21 14,0  22,4      47,5   2,0   7,7
449 23-12-2024 19:00 0,26 17,8  25,8      39,8  18,9  14,1
450 23-12-2024 18:00 0,25 23,2  38,4      40,5   3,5  11,7
451 23-12-2024 17:00 0,23 27,8  48,8 0,12 37,1  14,5   7,3
452 23-12-2024 16:00 0,28 25,0  47,2      40,1   4,2   7,4
453 23-12-2024 15:00 0,27 26,6  54,3      39,2  13,6   9,3
454 23-12-2024 14:00 0,32 29,5  60,3      35,8   5,9   9,7
455 23-12-2024 13:00 0,30 34,0  65,7 0,03 34,0  18,0  11,9
456 23-12-2024 12:00 0,28 33,7  73,8 0,39 35,2   5,2   7,1
457 23-12-2024 11:00 0,27 33,9  69,1      35,4  16,7   9,0
458 23-12-2024 10:00 0,28 31,5  69,2 0,76 37,4  13,1   7,9
459 23-12-2024 09:00 0,28 35,7  62,7      36,3  17,1   9,6
460 23-12-2024 08:00 0,16 13,7  21,0      56,7   6,1   9,4
461 23-12-2024 07:00 0,14  7,8  13,0      62,9   9,7  17,2
462 23-12-2024 06:00 0,15  8,0  13,9      64,3  11,4   8,5
463 23-12-2024 05:00 0,14  6,6   8,1 0,02 68,0   7,2   9,3
464 23-12-2024 04:00 0,13  6,3   7,3      67,8  22,1   9,3
465 23-12-2024 03:00 0,15  4,8   5,7 0,40 69,1   8,4   6,4
466 23-12-2024 02:00 0,15  7,6   8,4 0,85 66,4  11,9   7,6
467 23-12-2024 01:00 0,14 10,1  11,1 0,19 65,7  13,1   5,3
468 23-12-2024 00:00 0,17 15,1  18,9 0,73 53,0   5,8   7,0
469 22-12-2024 23:00 0,22 15,5  20,7 0,56 48,3  10,3   7,9
470 22-12-2024 22:00 0,24 25,4  36,8  1,2 41,3  14,7   7,1
471 22-12-2024 21:00 0,25 18,1  30,7 0,47 48,2  18,2  15,1
472 22-12-2024 20:00 0,26 20,0  36,6 0,72 47,4  11,1  12,5
473 22-12-2024 19:00 0,25 22,8  36,2  1,3 50,0  17,1   8,2
474 22-12-2024 18:00 0,24 23,8  39,2 0,42 52,5  22,4  17,3
475 22-12-2024 17:00 0,27 25,0  43,2  1,3 54,1  16,3  10,6
476 22-12-2024 16:00 0,27 28,1  46,9 0,72 51,2  24,0   8,0
477 22-12-2024 15:00 0,24 23,6  43,2  1,0 56,8  14,5   9,1
478 22-12-2024 14:00 0,32 31,8  63,3  1,4 52,1  22,6  13,1
479 22-12-2024 13:00 0,22 18,5  34,7  1,0 65,2   9,3  10,0
480 22-12-2024 12:00 0,21 16,8  29,9 0,97 68,0  14,5  13,7
481 22-12-2024 11:00 0,19 17,4  29,3 0,56 66,4  15,5  12,9
482 22-12-2024 10:00 0,20 19,6  35,7 0,88 62,2  22,1   9,0
483 22-12-2024 09:00 0,18 17,8  27,8 0,76 63,6  10,1  10,0
484 22-12-2024 08:00 0,16 13,1  18,7 0,97 61,5   9,3   8,2
485 22-12-2024 07:00 0,16 10,4  15,4 0,43 61,6  18,7   8,5
486 22-12-2024 06:00 0,16  8,8  13,5  1,2 61,0   7,3   8,7
487 22-12-2024 05:00 0,18  9,9  13,0  2,0 59,3  19,1  11,1
488 22-12-2024 04:00 0,19  6,9  10,2  1,3 58,3  10,9   6,8
489 22-12-2024 03:00 0,18  7,6  10,8  2,1 60,9   6,6   8,0
490 22-12-2024 02:00 0,17  9,1  14,8  1,8 51,0  14,9  11,6
491 22-12-2024 01:00 0,23 12,6  18,8  2,2 46,5  11,1   5,8
492 22-12-2024 00:00 0,21 13,9  21,9  1,8 45,0   5,1   5,8
493 21-12-2024 23:00 0,22 12,9  19,7  1,2 46,5  10,9   5,1
494 21-12-2024 22:00 0,23 13,3  20,2  2,0 45,7   2,7   7,1
495 21-12-2024 21:00 0,21 11,1  21,8  1,1 47,2   8,9   7,9
496 21-12-2024 20:00 0,20  8,7  13,5  1,4 49,3   3,0   9,4
497 21-12-2024 19:00 0,20  8,6  13,5  1,4 51,7   9,4  10,3
498 21-12-2024 18:00 0,20  9,7  16,2  1,3 51,0   5,5  11,2
499 21-12-2024 17:00 0,21 15,2  26,5  1,1 48,1  19,2  11,9
500 21-12-2024 16:00 0,26 20,0  57,6  2,0 42,9  12,9   7,9
501 21-12-2024 15:00 0,22 17,8  42,0  1,1 44,3  15,5  10,0
502 21-12-2024 14:00 0,23 17,7  32,8  1,4 45,0  20,9  11,6
503 21-12-2024 13:00 0,23 17,2  31,9  1,5 48,9   7,6  12,5
504 21-12-2024 12:00 0,23 16,1  30,7  1,2 46,1  14,2  12,0
505 21-12-2024 11:00 0,25 18,3  34,1  1,1 42,0  16,4  13,7
506 21-12-2024 10:00 0,23 19,2  36,4  1,6 40,3   7,2  11,7
507 21-12-2024 09:00 0,21 15,8  27,7 0,61 39,6  10,1  10,6
508 21-12-2024 08:00 0,20 11,7  18,4  1,5 44,7   6,3   9,3
509 21-12-2024 07:00 0,20  8,4  12,2 0,53 46,5  11,4  10,2
510 21-12-2024 06:00 0,19  9,4  13,0  1,2 46,8   2,7   8,8
511 21-12-2024 05:00 0,19  9,7  11,7 0,13 45,4  14,3  16,0
512 21-12-2024 04:00 0,18  9,2  11,7      49,3   6,9  11,4
513 21-12-2024 03:00 0,17  8,1   9,6      53,6  20,1  13,7
514 21-12-2024 02:00 0,16  7,0   8,5      59,5   6,7  11,7
515 21-12-2024 01:00 0,18  8,4  14,2      58,4  16,1  13,5
516 21-12-2024 00:00 0,18 10,1  15,8      61,0   8,3   6,8
517 20-12-2024 23:00 0,20 15,2  24,6      61,5  18,4  10,5
518 20-12-2024 22:00 0,22 17,8  28,8      56,3  13,9   7,9
519 20-12-2024 21:00 0,27 22,9  35,7      47,9  30,6   8,3
520 20-12-2024 20:00 0,28 23,2  41,6      47,6  25,0  16,3
521 20-12-2024 19:00 0,28 21,1  40,0      49,4  30,5  12,0
522 20-12-2024 18:00 0,30 28,2  57,0 0,12 44,9  32,6  12,8
523 20-12-2024 17:00 0,28 23,1  48,6      52,4  31,6  14,6
524 20-12-2024 16:00 0,31 25,5  56,9      54,2  22,7   9,9
525 20-12-2024 15:00 0,30 26,9  61,0 0,03 53,2  27,4  11,4
526 20-12-2024 14:00 0,25 21,3  42,1      60,0  26,8  11,2
527 20-12-2024 13:00 0,23 19,3  43,1 0,14 61,7  27,9  14,6
528 20-12-2024 12:00 0,24 23,0  46,9      61,2  31,7  11,1
529 20-12-2024 11:00 0,21 25,9  48,2 0,24 62,3  41,7  11,1
530 20-12-2024 10:00 0,21 26,4  47,0      62,8  42,8  14,9
531 20-12-2024 09:00 0,23 26,0  53,9 0,11 57,0  44,8  14,4
532 20-12-2024 08:00 0,22 23,7  44,1      58,7  37,6  13,7
533 20-12-2024 07:00 0,20 16,6  28,6 0,03 63,3  33,6  13,8
534 20-12-2024 06:00 0,17 13,1  26,7      66,8  30,3  16,0
535 20-12-2024 05:00 0,14  7,8  13,1 0,04 69,6  25,5  17,2
536 20-12-2024 04:00 0,14  6,5   8,6      72,4  28,9  10,5
537 20-12-2024 03:00 0,16  3,5   4,3 0,06 73,5  26,5  16,1
538 20-12-2024 02:00 0,16  1,4   2,1 0,12 78,1  24,5  14,0
539 20-12-2024 01:00 0,17  1,9   3,2 0,08 78,3  34,3  12,2
540 20-12-2024 00:00 0,17  3,1   5,5 0,28 73,2  14,0   8,3
541 19-12-2024 23:00 0,20  3,7   8,2 0,14 72,0  19,2   9,9
542 19-12-2024 22:00 0,21  7,2  13,5      68,8  16,0   7,7
543 19-12-2024 21:00 0,21  8,6  15,6 0,28 67,6   6,5   8,0
544 19-12-2024 20:00 0,25 12,5  22,5 0,28 63,8  20,2  11,9
545 19-12-2024 19:00 0,24 22,4  49,8 0,02 53,3  11,7  12,6
546 19-12-2024 18:00 0,27 19,2  39,6 0,49 57,2  16,3  10,3
547 19-12-2024 17:00 0,29 20,4  44,9 0,43 55,9   7,4  13,4
548 19-12-2024 16:00 0,37 31,5  67,5 0,62 52,2  16,0  10,0
549 19-12-2024 15:00 0,35 41,0  81,9 0,38 47,6   6,2   9,4
550 19-12-2024 14:00 0,26 30,4  55,6 0,48 57,8   7,6   5,6
551 19-12-2024 13:00 0,23 21,3  40,6 0,19 62,6   2,2   8,0
552 19-12-2024 12:00 0,22 22,7  41,6 0,49 57,3   5,9   5,6
553 19-12-2024 11:00 0,22 16,4  31,3 0,47 57,0   8,8   2,4
554 19-12-2024 10:00 0,20 21,4  33,9 0,35 42,5   9,1   3,5
555 19-12-2024 09:00 0,21 14,0  30,1 0,45 47,6   7,9   7,1
556 19-12-2024 08:00 0,22 15,7  35,4 0,51 47,4   7,9   7,1
557 19-12-2024 07:00 0,26 21,5  44,1 0,43 42,2   6,6   4,2
558 19-12-2024 06:00 0,27 37,7  87,7 0,88 35,0   1,5   6,8
559 19-12-2024 05:00 0,19  8,5  13,3 0,79 54,8   5,4   7,6
560 19-12-2024 04:00 0,17  5,5   7,6 0,74 59,1  15,7   9,7
561 19-12-2024 03:00 0,17  7,6   9,9 0,67 56,3  15,7  14,1
562 19-12-2024 02:00 0,16  3,7   6,0 0,65 63,2  15,9  11,1
563 19-12-2024 01:00 0,17  3,2   5,4 0,46 66,9  17,4  15,1
564 19-12-2024 00:00 0,17  6,2   9,1 0,53 64,6  18,0  18,4
565 18-12-2024 23:00 0,17  4,0   7,1 0,59 65,3  17,6  10,2
566 18-12-2024 22:00 0,20  6,8  12,0 0,59 62,0  14,5  13,5
567 18-12-2024 21:00 0,20  7,6  13,9 0,66 62,3  10,3  12,3
568 18-12-2024 20:00 0,22  9,6  17,3 0,81 53,8   6,7   1,9
569 18-12-2024 19:00 0,23 11,5  20,6 0,76 47,3   6,2   5,4
570 18-12-2024 18:00 0,22 12,5  24,6 0,88 45,7   2,6   5,8
571 18-12-2024 17:00 0,26 17,9  36,3 0,80 40,3   8,8   9,7
572 18-12-2024 16:00 0,27 24,4  54,2 0,73 32,3   8,9  11,2
573 18-12-2024 15:00 0,29 26,4  53,3 0,95 29,7  14,8  10,5
574 18-12-2024 14:00 0,28 24,0  48,1  1,1 31,3   5,0  12,3
575 18-12-2024 13:00 0,26 26,4  57,7 0,45 28,1  12,5  14,1
576 18-12-2024 12:00 0,24 20,6  39,0 0,86 32,3  11,1  10,8
577 18-12-2024 11:00 0,23 16,8  38,8 0,71 33,9   4,1  13,7
578 18-12-2024 10:00 0,22 18,8  40,2 0,55 33,6  14,4  17,0
579 18-12-2024 09:00 0,22 18,2  48,0 0,60 34,0   5,2  10,8
580 18-12-2024 08:00 0,23 17,9  36,0 0,34 37,3  15,6  16,9
581 18-12-2024 07:00 0,23 14,7  29,7 0,61 40,9   5,1  15,2
582 18-12-2024 06:00 0,23 12,7  27,0      41,8  12,8  17,0
583 18-12-2024 05:00 0,21 10,0  16,7 0,67 46,0   3,4  18,7
584 18-12-2024 04:00 0,20  9,9  12,0 0,06 46,7   8,6  19,3
585 18-12-2024 03:00 0,20  8,7  11,8 0,47 47,3   8,2  19,6
586 18-12-2024 02:00 0,19  7,1   9,6 0,36 51,4  11,5  15,2
587 18-12-2024 01:00 0,19  8,6  10,5 0,14 47,1  21,0  16,9
588 18-12-2024 00:00 0,20 10,4  12,8 0,22 49,6  16,1  15,4
589 17-12-2024 23:00 0,22 11,3  19,0 0,20 51,8  19,1  12,2
590 17-12-2024 22:00 0,22 11,8  18,9 0,13 53,7  18,0  11,1
591 17-12-2024 21:00 0,22  7,6  12,3 0,22 59,0  16,5  16,3
592 17-12-2024 20:00 0,26 18,2  31,7 0,31 45,3  13,8   9,9
593 17-12-2024 19:00 0,30 30,4  55,1 0,31 40,7  16,5  15,4
594 17-12-2024 18:00 0,37 38,8  71,4  1,0 32,2  21,4  10,5
595 17-12-2024 17:00 0,36 40,7  75,9 0,79 34,2  20,9  11,6
596 17-12-2024 16:00 0,34 32,9  71,9 0,71 41,1  15,6  10,0
597 17-12-2024 15:00 0,28 29,9  66,7 0,60 48,6  14,2  11,2
598 17-12-2024 14:00 0,26 26,8  54,6 0,55 52,4  32,5  12,8
599 17-12-2024 13:00 0,20 16,8  37,0 0,48 60,9  25,8  13,1
600 17-12-2024 12:00 0,20 19,5  38,5 0,50 59,5  11,2   8,3
601 17-12-2024 11:00 0,20 25,3  50,6 0,73 54,6  12,1   9,0
602 17-12-2024 10:00 0,20 20,0  43,1 0,51 58,6  12,2   9,6
603 17-12-2024 09:00 0,21 25,8  54,9 0,57 56,3  13,1  12,2
604 17-12-2024 08:00 0,22 31,2  72,3 0,75 50,2  10,9  11,4
605 17-12-2024 07:00 0,19 21,2  39,9 0,29 60,9   8,2   8,0
606 17-12-2024 06:00 0,16 12,9  21,4 0,13 67,0   6,3   7,7
607 17-12-2024 05:00 0,14  6,2  11,1 0,22 72,0   5,4   4,5
608 17-12-2024 04:00 0,15  3,0   3,7 0,35 71,2   5,8   9,4
609 17-12-2024 03:00 0,16  1,4   2,1      69,1   6,9  13,5
610 17-12-2024 02:00 0,16  2,2   3,3 0,06 68,8   8,5   8,5
611 17-12-2024 01:00 0,16  2,0   2,7      69,0   8,0   5,1
612 17-12-2024 00:00 0,16  2,8   3,4 0,03 69,3   4,6   5,3
613 16-12-2024 23:00 0,16  3,1   4,8 0,06 69,1   5,3   4,2
614 16-12-2024 22:00 0,17  3,1   5,3 0,07 70,3   3,1   7,1
615 16-12-2024 21:00 0,18  4,4   7,4      69,2   3,0   7,9
616 16-12-2024 20:00 0,18  5,4   9,3 0,04 69,0   3,7   7,4
617 16-12-2024 19:00 0,20  7,0  11,8 0,24 66,0   3,9   7,7
618 16-12-2024 18:00 0,20  8,0  12,7 0,03 64,3   5,8   6,5
619 16-12-2024 17:00 0,25 19,6  40,7 0,27 50,4   7,3   7,3
620 16-12-2024 16:00 0,28 23,7  49,4 0,18 51,5  11,3   8,8
621 16-12-2024 15:00 0,24 16,4  34,6 0,22 63,3  14,8  12,2
622 16-12-2024 14:00 0,21 15,2  31,9 0,25 62,8  25,8   9,9
623 16-12-2024 13:00 0,20 13,0  26,1 0,31 67,1  30,4  10,8
624 16-12-2024 12:00 0,19 14,4  28,9 0,27 67,4  35,0  12,6
625 16-12-2024 11:00 0,17 13,3  27,7 0,24 67,2  33,9  15,8
626 16-12-2024 10:00 0,18 13,4  27,6 0,25 67,0  38,5  17,0
627 16-12-2024 09:00 0,18 16,4  34,2 0,28 65,7  30,3  11,6
628 16-12-2024 08:00 0,20 17,2  34,1 0,19 66,4  15,5  11,9
629 16-12-2024 07:00 0,19 14,7  29,0 0,21 67,4   8,1  10,9
630 16-12-2024 06:00 0,17  8,2  17,3 0,21 68,2   9,8  12,6
631 16-12-2024 05:00 0,13  3,4   6,5 0,16 66,5  14,0  14,8
632 16-12-2024 04:00 0,13  2,0   3,5 0,28 68,9  14,8  12,8
633 16-12-2024 03:00 0,12  1,7   3,2 0,20 68,7   9,8  14,8
634 16-12-2024 02:00 0,12  1,1   2,5 0,07 69,1   7,6  15,8
635 16-12-2024 01:00 0,12  2,3   3,8 0,23 67,4  10,5   9,4
636 16-12-2024 00:00 0,12  1,9   3,0 0,21 67,3  11,7  11,9
637 15-12-2024 23:00 0,14  2,5   4,2 0,16 66,8  12,8  12,5
638 15-12-2024 22:00 0,13  3,2   5,5 0,18 65,2  14,3  14,3
639 15-12-2024 21:00 0,14  5,5   9,7 0,21 61,5  11,6   8,8
640 15-12-2024 20:00 0,14  5,5  10,9 0,20 63,8  10,1  10,3
641 15-12-2024 19:00 0,14  5,3  11,1 0,21 61,6   9,2   7,1
642 15-12-2024 18:00 0,16  8,1  17,4 0,21 55,8   7,7   6,5
643 15-12-2024 17:00 0,19 12,0  23,5 0,08 48,6   8,2   7,4
644 15-12-2024 16:00 0,25 22,9  49,0 0,40 39,7  16,1  10,2
645 15-12-2024 15:00 0,22 20,1  38,9 0,68 48,1   1,2   7,7
646 15-12-2024 14:00 0,20 17,7  32,9      53,7  13,1   8,7
647 15-12-2024 13:00 0,22 26,3  46,8 0,42 46,5   8,1   7,1
648 15-12-2024 12:00 0,22 23,9  44,9      46,5  18,0  10,6
649 15-12-2024 11:00 0,23 24,2  52,4 0,72 47,4   9,7   6,2
650 15-12-2024 10:00 0,21 19,1  36,3 0,10 51,7  13,8   9,0
651 15-12-2024 09:00 0,20 19,3  34,0 0,06 53,6  13,6   9,1
652 15-12-2024 08:00 0,16  6,8  11,6 0,30 64,8   6,0   6,7
653 15-12-2024 07:00 0,14  7,3  12,3      65,2  16,0   6,5
654 15-12-2024 06:00 0,14  7,4  13,0 0,23 66,9   4,8   8,5
655 15-12-2024 05:00 0,13  6,9  10,1      68,6  15,8   7,6
656 15-12-2024 04:00 0,16  5,7   7,7 0,39 69,8   6,9   8,0
657 15-12-2024 03:00 0,16  4,9   6,9 0,28 70,7  16,0  10,0
658 15-12-2024 02:00 0,18  6,3  10,0 0,23 66,3  12,4   4,7
659 15-12-2024 01:00 0,19  9,1  16,9 0,67 62,8   8,7   6,4
660 15-12-2024 00:00 0,18 10,0  17,9      62,3  13,7   5,8
661 14-12-2024 23:00 0,21 11,3  21,8 0,36 62,5   6,5   8,0
662 14-12-2024 22:00 0,21 12,7  25,1 0,46 60,6  12,8   8,8
663 14-12-2024 21:00 0,24 19,8  42,6 0,16 55,0  14,8   7,1
664 14-12-2024 20:00 0,26 23,2  57,8  1,2 48,5   5,5   9,7
665 14-12-2024 19:00 0,23 18,1  36,1 0,04 52,2  18,9  12,6
666 14-12-2024 18:00 0,26 21,2  46,9 0,84 47,3   9,1   8,0
667 14-12-2024 17:00 0,31 22,9  56,6 0,32 37,3  12,3   7,7
668 14-12-2024 16:00 0,31 25,4  57,3 0,83 24,3  11,2   9,6
669 14-12-2024 15:00 0,37 26,1  73,4  1,5 12,3   4,7   9,9
670 14-12-2024 14:00 0,34 25,8  59,2 0,55  9,3  15,4  13,1
671 14-12-2024 13:00 0,36 22,1  53,0  1,0 11,0   5,5  13,8
672 14-12-2024 12:00 0,29 19,1  50,8 0,49 16,9  17,2  17,5
673 14-12-2024 11:00 0,27 14,0  33,6 0,76 26,6   1,2  13,5
674 14-12-2024 10:00 0,23 14,3  30,7 0,31 29,9  10,3  23,9
675 14-12-2024 09:00 0,24 17,4  33,4 0,35 27,9   3,8  16,1
676 14-12-2024 08:00 0,24 14,0  21,6 0,16 27,7  13,5  22,5
677 14-12-2024 07:00 0,22 13,7  19,8 0,23 27,0   5,4  19,6
678 14-12-2024 06:00 0,21 13,0  18,8 0,07 28,1  15,9  27,0
679 14-12-2024 05:00 0,20  9,6  13,3 0,24 35,4   2,3  21,2
680 14-12-2024 04:00 0,19  5,1   7,3      43,5  10,9  22,2
681 14-12-2024 03:00 0,19  9,0  14,0  1,3 41,3   3,3  13,1
682 14-12-2024 02:00 0,21  9,7  16,1  1,1 40,8  14,2  18,1
683 14-12-2024 01:00 0,20 13,3  21,4  1,2 45,3   5,1  16,9
684 14-12-2024 00:00 0,23 16,7  29,1  1,4 41,7  12,1  19,0
685 13-12-2024 23:00 0,21 15,5  25,6  1,2 44,2  13,3  11,2
686 13-12-2024 22:00 0,21 14,4  24,9 0,72 49,3   9,5  12,3
687 13-12-2024 21:00 0,21 13,5  23,2  1,2 53,7  10,1   9,3
688 13-12-2024 20:00 0,21 13,1  22,2 0,59 54,0  10,7   9,7
689 13-12-2024 19:00 0,21 14,5  23,7  1,2 54,9  13,5  11,4
690 13-12-2024 18:00 0,21 17,7  31,4 0,69 51,2  11,0  13,1
691 13-12-2024 17:00 0,27 25,5  54,6  1,7 43,7  13,0  11,7
692 13-12-2024 16:00 0,21 24,7  47,2 0,67 47,0  16,7   7,9
693 13-12-2024 15:00 0,24 30,1  57,6  1,3 44,2   5,8   5,6
694 13-12-2024 14:00 0,26 30,4  61,9 0,87 39,8  14,4   9,6
695 13-12-2024 13:00 0,22 32,6  60,3 0,97 40,9   3,5  10,6
696 13-12-2024 12:00 0,22 30,0  62,1  1,1 39,7  12,8  10,9
697 13-12-2024 11:00 0,22 32,4  67,3 0,88 36,8   9,6   9,3
698 13-12-2024 10:00 0,22 38,7  77,2  1,4 28,0  10,4  14,1
699 13-12-2024 09:00 0,31 57,8 141,0  1,3  9,4  27,1  14,0
700 13-12-2024 08:00 0,31 63,2 161,8  2,4  7,6  12,0  16,7
701 13-12-2024 07:00 0,34 57,7 161,6  2,0  6,1  25,1  14,4
702 13-12-2024 06:00 0,31 45,2 123,5  2,0 14,2   7,4   9,6
703 13-12-2024 05:00 0,26 24,4  49,4  1,2 25,7  11,0  13,8
704 13-12-2024 04:00 0,19 15,6  23,0 0,40 34,2  11,1   9,4
705 13-12-2024 03:00 0,18 13,2  19,0 0,88 36,4  0,60  11,7
706 13-12-2024 02:00 0,21 22,8  28,1 0,99 28,3   9,9  13,4
707 13-12-2024 01:00 0,20 28,6  36,8 0,76 22,2   9,3  16,6
708 13-12-2024 00:00 0,21 21,0  30,8  1,1 32,0   4,8  11,9
709 12-12-2024 23:00 0,25 22,0  33,9 0,74 39,5  30,3  13,2
710 12-12-2024 22:00 0,25 25,2  41,1  1,1 40,1  27,1  12,3
711 12-12-2024 21:00 0,28 28,5  42,9 0,82 36,8  24,5  12,5
712 12-12-2024 20:00 0,32 30,3  55,9  1,4 35,8  31,6  14,3
713 12-12-2024 19:00 0,32 27,4  54,0  1,1 38,2  44,3  13,8
714 12-12-2024 18:00 0,33 30,0  64,9  1,1 36,4  41,4  17,2
715 12-12-2024 17:00 0,32 29,1  54,9  1,3 35,3  29,1  15,2
716 12-12-2024 16:00 0,33 38,3  84,9 0,96 28,5  23,4   9,6
717 12-12-2024 15:00 0,36 34,7  82,3  1,8 28,1  30,5  11,9
718 12-12-2024 14:00 0,28 32,1  72,3  1,8 34,2  43,0   9,7
719 12-12-2024 13:00 0,27 32,7  79,1  1,3 30,0  63,1  16,4
720 12-12-2024 12:00 0,28 36,4  88,7  1,4 27,5  52,7   9,9
721 12-12-2024 11:00 0,31 47,8 120,7  1,7 17,4        14,0
722 12-12-2024 10:00 0,41 54,0 172,9  2,4  8,0  25,7  15,4
723 12-12-2024 09:00 0,33 44,2 127,7  2,5 14,2  16,6  12,8
724 12-12-2024 08:00 0,33 50,4 148,1  2,2 14,6  21,5  16,1
725 12-12-2024 07:00 0,27 35,7  91,3  1,8 27,2  10,2   7,4
726 12-12-2024 06:00 0,28 40,5  98,9  1,3 24,9  19,0   9,3
727 12-12-2024 05:00 0,21 17,7  33,2  1,2 41,3   6,7   6,8
728 12-12-2024 04:00 0,15 11,0  15,5      43,5  11,7   7,9
729 12-12-2024 03:00 0,13 11,5  17,1 0,36 44,2   3,3   8,5
730 12-12-2024 02:00 0,14 17,0  22,1 0,18 41,2  11,9  12,9
731 12-12-2024 01:00 0,13 11,4  17,0 0,59 45,9   2,4   6,4
732 12-12-2024 00:00 0,14  7,9  13,7 0,07 48,3   9,9   7,6
733 11-12-2024 23:00 0,19 12,1  25,1 0,51 36,6   7,1   8,0
734 11-12-2024 22:00 0,22 13,5  32,8 0,18 29,3  12,7   4,5
735 11-12-2024 21:00 0,24 19,0  36,8 0,80 26,9   8,0   6,7
736 11-12-2024 20:00 0,27 26,8  61,3 0,49 24,4  20,5  10,2
737 11-12-2024 19:00 0,24 27,0  52,4 0,36 29,0   8,2  11,7
738 11-12-2024 18:00 0,26 24,7  48,4 0,55 34,2  24,6  11,1
739 11-12-2024 17:00 0,31 34,9  67,1 0,47 29,5  18,1  11,4
740 11-12-2024 16:00 0,34 36,4  75,0 0,99 33,4  27,0   9,7
741 11-12-2024 15:00 0,32 39,3  78,8 0,43 36,9  20,2  10,9
742 11-12-2024 14:00 0,31 42,7  90,1  1,4 34,7  39,6  10,8
743 11-12-2024 13:00 0,28 39,1  95,3 0,69 35,4  40,9  11,4
744 11-12-2024 12:00 0,24 45,7  90,3  1,0 35,6  53,8      
[1] "Fundet token: YdHoKisk589T5daG8i_7dX_sHYMbLhXV47WUYFXshyafj_3WbqZWxLnnNErOd_fAAJEDRf163-zAwX0tz9EcKhzmn-qb19qFaABFkklXLN01"
[1] "Fundet tabel som dataframe:"
     Målt (starttid)  NO2  NOX
1   11-01-2025 11:00 0,93 0,82
2   11-01-2025 10:00  1,1  1,3
3   11-01-2025 09:00  1,5  1,3
4   11-01-2025 08:00 0,46 0,29
5   11-01-2025 07:00 0,59 0,37
6   11-01-2025 06:00 0,72 0,75
7   11-01-2025 05:00 0,72 0,63
8   11-01-2025 04:00 0,67 0,96
9   11-01-2025 03:00 0,84  1,5
10  11-01-2025 02:00 0,97  1,2
11  11-01-2025 01:00  2,3  2,7
12  11-01-2025 00:00  2,0  2,5
13  10-01-2025 23:00  1,8  2,3
14  10-01-2025 22:00  1,5  2,2
15  10-01-2025 21:00  1,2  2,0
16  10-01-2025 20:00  2,3  2,3
17  10-01-2025 19:00  2,9  3,5
18  10-01-2025 18:00  2,8  3,1
19  10-01-2025 17:00  2,4  2,9
20  10-01-2025 16:00  1,8  2,3
21  10-01-2025 15:00  1,3  2,1
22  10-01-2025 14:00  1,8  2,3
23  10-01-2025 13:00  2,6  3,8
24  10-01-2025 12:00  3,5  4,1
25  10-01-2025 11:00  3,7  4,6
26  10-01-2025 10:00  2,8  3,3
27  10-01-2025 09:00  2,7  3,1
28  10-01-2025 08:00  3,9  4,7
29  10-01-2025 07:00  4,9  5,3
30  10-01-2025 06:00  3,3  4,1
31  10-01-2025 05:00  3,5  3,3
32  10-01-2025 04:00  5,7  5,9
33  10-01-2025 03:00  4,2  4,9
34  10-01-2025 02:00  7,8  8,2
35  10-01-2025 01:00  4,5  4,9
36  10-01-2025 00:00  7,8  8,1
37  09-01-2025 23:00  6,2  6,5
38  09-01-2025 22:00  4,3  4,2
39  09-01-2025 21:00  1,4  1,5
40  09-01-2025 20:00  1,6  2,1
41  09-01-2025 19:00  1,5  1,7
42  09-01-2025 18:00  2,8  2,8
43  09-01-2025 17:00  2,6  3,0
44  09-01-2025 16:00  2,4  2,4
45  09-01-2025 15:00  1,2  1,4
46  09-01-2025 14:00  1,7  1,5
47  09-01-2025 13:00  2,2  2,8
48  09-01-2025 12:00  2,4  2,6
49  09-01-2025 11:00  1,5  2,3
50  09-01-2025 10:00  1,1  1,2
51  09-01-2025 09:00  1,2  1,2
52  09-01-2025 08:00  1,4  1,4
53  09-01-2025 07:00  9,8 13,3
54  09-01-2025 06:00  2,0  2,2
55  09-01-2025 05:00  1,1  1,2
56  09-01-2025 04:00 0,65 0,74
57  09-01-2025 03:00 0,43 0,63
58  09-01-2025 02:00 0,54 0,79
59  09-01-2025 01:00 0,75 0,87
60  09-01-2025 00:00 0,67  1,2
61  08-01-2025 23:00 0,75 0,97
62  08-01-2025 22:00 0,73 0,74
63  08-01-2025 21:00 0,71  1,0
64  08-01-2025 20:00 0,74  1,2
65  08-01-2025 19:00 0,63  1,2
66  08-01-2025 18:00  1,2  1,8
67  08-01-2025 17:00 0,89  1,3
68  08-01-2025 16:00  2,9  4,8
69  08-01-2025 15:00 0,90  1,3
70  08-01-2025 14:00 0,84 0,87
71  08-01-2025 13:00 0,73  1,1
72  08-01-2025 12:00 0,70  1,1
73  08-01-2025 11:00 0,41 0,89
74  08-01-2025 10:00 0,59 0,76
75  08-01-2025 09:00 0,86  1,1
76  08-01-2025 08:00 0,64  1,2
77  08-01-2025 07:00 0,56  1,0
78  08-01-2025 06:00 0,02 0,67
79  08-01-2025 05:00      0,35
80  08-01-2025 04:00          
81  08-01-2025 03:00 0,12     
82  08-01-2025 02:00 0,14     
83  08-01-2025 01:00 0,33     
84  08-01-2025 00:00 0,39     
85  07-01-2025 23:00 0,32     
86  07-01-2025 22:00 0,45     
87  07-01-2025 21:00 0,36 0,14
88  07-01-2025 20:00 0,69 0,08
89  07-01-2025 19:00 0,54 0,17
90  07-01-2025 18:00 0,34     
91  07-01-2025 17:00 0,51     
92  07-01-2025 16:00 0,24     
93  07-01-2025 15:00 0,08     
94  07-01-2025 14:00 0,56     
95  07-01-2025 13:00 0,12     
96  07-01-2025 12:00 0,18     
97  07-01-2025 11:00 0,36 0,23
98  07-01-2025 10:00 0,24     
99  07-01-2025 09:00 0,20     
100 07-01-2025 08:00 0,33     
101 07-01-2025 07:00 0,59 0,08
102 07-01-2025 06:00  1,7 0,25
103 07-01-2025 05:00  2,1  1,9
104 07-01-2025 04:00  2,4  2,6
105 07-01-2025 03:00  1,8  1,3
106 07-01-2025 02:00  1,9  1,1
107 07-01-2025 01:00  1,3 0,56
108 07-01-2025 00:00  1,3 0,87
109 06-01-2025 23:00  1,6  1,4
110 06-01-2025 22:00  1,7  1,2
111 06-01-2025 21:00  3,1  2,6
112 06-01-2025 20:00  4,9  4,7
113 06-01-2025 19:00  5,2  4,9
114 06-01-2025 18:00  5,9  5,4
115 06-01-2025 17:00  5,0  4,4
116 06-01-2025 16:00  6,4  6,4
117 06-01-2025 15:00  7,1  6,7
118 06-01-2025 14:00  8,6  8,5
119 06-01-2025 13:00  7,7  7,7
120 06-01-2025 12:00  5,9  5,6
121 06-01-2025 11:00  5,5  4,7
122 06-01-2025 10:00  4,5  4,4
123 06-01-2025 09:00  4,1  3,6
124 06-01-2025 08:00  2,7  2,8
125 06-01-2025 07:00  2,4  2,2
126 06-01-2025 06:00  3,1  3,2
127 06-01-2025 05:00  1,6  2,0
128 06-01-2025 04:00  2,1  2,4
129 06-01-2025 03:00  1,2  1,0
130 06-01-2025 02:00  1,2  1,1
131 06-01-2025 01:00  1,3  1,8
132 06-01-2025 00:00  2,2  2,2
133 05-01-2025 23:00  2,4  2,2
134 05-01-2025 22:00  2,3  2,7
135 05-01-2025 21:00  2,4  2,4
136 05-01-2025 20:00  3,4  3,3
137 05-01-2025 19:00  5,4  5,5
138 05-01-2025 18:00  5,0  5,2
139 05-01-2025 17:00  6,2  6,2
140 05-01-2025 16:00  3,9  3,9
141 05-01-2025 15:00  2,5  2,9
142 05-01-2025 14:00  2,1  2,4
143 05-01-2025 13:00  2,0  2,5
144 05-01-2025 12:00  2,6  2,8
145 05-01-2025 11:00  1,6  1,7
146 05-01-2025 10:00  2,6  2,8
147 05-01-2025 09:00  2,2  2,6
148 05-01-2025 08:00  1,7  1,9
149 05-01-2025 07:00  1,5  1,4
150 05-01-2025 06:00  1,1  1,4
151 05-01-2025 05:00  1,7  1,9
152 05-01-2025 04:00  1,5  1,2
153 05-01-2025 03:00  1,7  1,3
154 05-01-2025 02:00  1,6  1,5
155 05-01-2025 01:00  1,2  1,2
156 05-01-2025 00:00  1,3  1,6
157 04-01-2025 23:00  1,5  1,3
158 04-01-2025 22:00  1,5  1,4
159 04-01-2025 21:00  1,5  1,7
160 04-01-2025 20:00  1,4  1,0
161 04-01-2025 19:00  1,8  2,1
162 04-01-2025 18:00  1,6  1,7
163 04-01-2025 17:00  1,9  2,0
164 04-01-2025 16:00  1,6  1,3
165 04-01-2025 15:00  2,6  3,0
166 04-01-2025 14:00  3,3  4,6
167 04-01-2025 13:00  1,6  1,7
168 04-01-2025 12:00  1,7  1,7
169 04-01-2025 11:00  1,9  2,0
170 04-01-2025 10:00  2,1  1,9
171 04-01-2025 09:00  1,9  1,6
172 04-01-2025 08:00  1,2  1,3
173 04-01-2025 07:00  1,1 0,79
174 04-01-2025 06:00 0,98  1,2
175 04-01-2025 05:00 0,34 0,41
176 04-01-2025 04:00 0,40 0,50
177 04-01-2025 03:00 0,83  1,0
178 04-01-2025 02:00  1,1  1,0
179 04-01-2025 01:00  1,0  1,2
180 04-01-2025 00:00 0,43 0,39
181 03-01-2025 23:00 0,40 0,24
182 03-01-2025 22:00 0,30 0,32
183 03-01-2025 21:00 0,43 0,50
184 03-01-2025 20:00  1,1 0,70
185 03-01-2025 19:00 0,43 0,21
186 03-01-2025 18:00 0,27 0,37
187 03-01-2025 17:00 0,55 0,17
188 03-01-2025 16:00 0,35 0,07
189 03-01-2025 15:00 0,26 0,30
190 03-01-2025 14:00 0,37 0,42
191 03-01-2025 13:00 0,56 0,56
192 03-01-2025 12:00 0,13 0,09
193 03-01-2025 11:00 0,22 0,26
194 03-01-2025 10:00 0,10 0,17
195 03-01-2025 09:00 0,31 0,35
196 03-01-2025 08:00          
197 03-01-2025 07:00 0,49     
198 03-01-2025 06:00 0,18 0,11
199 03-01-2025 05:00 0,27     
200 03-01-2025 04:00 0,86 0,97
201 03-01-2025 03:00 0,43 0,75
202 03-01-2025 02:00 0,08  1,0
203 03-01-2025 01:00 0,38 0,19
204 03-01-2025 00:00 0,17 0,42
205 02-01-2025 23:00 0,30 0,66
206 02-01-2025 22:00 0,18 0,44
207 02-01-2025 21:00 0,20 0,42
208 02-01-2025 20:00 0,17 0,40
209 02-01-2025 19:00 0,09 0,28
210 02-01-2025 18:00 0,34 0,40
211 02-01-2025 17:00 0,97  1,4
212 02-01-2025 16:00 0,85  1,4
213 02-01-2025 15:00 0,56 0,72
214 02-01-2025 14:00  1,1  1,2
215 02-01-2025 13:00 0,94  1,4
216 02-01-2025 12:00 0,39 0,53
217 02-01-2025 11:00 0,59  1,2
218 02-01-2025 10:00 0,14 0,56
219 02-01-2025 09:00 0,50  1,1
220 02-01-2025 08:00 0,11 0,20
221 02-01-2025 07:00 0,62 0,92
222 02-01-2025 06:00 0,21 0,72
223 02-01-2025 05:00 0,10 0,23
224 02-01-2025 04:00 0,36     
225 02-01-2025 03:00  1,2  1,4
226 02-01-2025 02:00  1,2 0,78
227 02-01-2025 01:00  1,1 0,48
228 02-01-2025 00:00  1,3  1,1
229 01-01-2025 23:00 0,98 0,52
230 01-01-2025 22:00  1,4 0,64
231 01-01-2025 21:00  1,6  1,3
232 01-01-2025 20:00  1,3  1,2
233 01-01-2025 19:00  1,5 0,93
234 01-01-2025 18:00  1,2  1,0
235 01-01-2025 17:00 0,92 0,40
236 01-01-2025 16:00 0,98 0,67
237 01-01-2025 15:00 0,90 0,66
238 01-01-2025 14:00  3,3  2,2
239 01-01-2025 13:00  5,5  5,2
240 01-01-2025 12:00  1,3 0,21
241 01-01-2025 11:00  1,4  1,0
242 01-01-2025 10:00  1,3 0,95
243 01-01-2025 09:00  1,0 0,51
244 01-01-2025 08:00  1,4  1,1
245 01-01-2025 07:00  1,3  1,1
246 01-01-2025 06:00  1,7  1,5
247 01-01-2025 05:00  1,4  1,3
248 01-01-2025 04:00  1,8  1,9
249 01-01-2025 03:00  3,8  3,2
250 01-01-2025 02:00  3,7  3,9
251 01-01-2025 01:00  4,4  4,7
252 01-01-2025 00:00  4,4  4,4
253 31-12-2024 23:00  3,9  3,8
254 31-12-2024 22:00  4,1  3,7
255 31-12-2024 21:00  5,1  4,7
256 31-12-2024 20:00  6,1  6,1
257 31-12-2024 19:00  7,5  7,2
258 31-12-2024 18:00  5,2  4,9
259 31-12-2024 17:00  2,4  2,2
260 31-12-2024 16:00  1,8  1,7
261 31-12-2024 15:00  2,2  2,1
262 31-12-2024 14:00  2,7  2,8
263 31-12-2024 13:00  1,6  1,9
264 31-12-2024 12:00  2,5  2,9
265 31-12-2024 11:00  1,4  1,3
266 31-12-2024 10:00 0,84 0,85
267 31-12-2024 09:00  1,3  1,4
268 31-12-2024 08:00  1,6  1,5
269 31-12-2024 07:00  1,6  1,7
270 31-12-2024 06:00  3,1  2,9
271 31-12-2024 05:00  2,5  2,8
272 31-12-2024 04:00  1,4  2,6
273 31-12-2024 03:00  1,7  3,0
274 31-12-2024 02:00 0,96  2,2
275 31-12-2024 01:00  1,1  2,1
276 31-12-2024 00:00 0,93  2,0
277 30-12-2024 23:00  1,7  2,8
278 30-12-2024 22:00  1,1  1,9
279 30-12-2024 21:00  4,3  5,7
280 30-12-2024 20:00  3,6  5,0
281 30-12-2024 19:00  1,6  2,8
282 30-12-2024 18:00  1,5  2,5
283 30-12-2024 17:00  1,6  2,1
284 30-12-2024 16:00  1,3  2,2
285 30-12-2024 15:00 0,70  1,6
286 30-12-2024 14:00 0,95  1,9
287 30-12-2024 13:00 0,61  1,8
288 30-12-2024 12:00 0,72  1,6
289 30-12-2024 11:00 0,90  1,7
290 30-12-2024 10:00 0,74  1,9
291 30-12-2024 09:00 0,51  1,6
292 30-12-2024 08:00 0,63  1,6
293 30-12-2024 07:00  2,1  3,8
294 30-12-2024 06:00 0,95  1,9
295 30-12-2024 05:00 0,90  2,2
296 30-12-2024 04:00  1,0  2,1
297 30-12-2024 03:00 0,90 0,25
298 30-12-2024 02:00 0,51 0,48
299 30-12-2024 01:00 0,76 0,25
300 30-12-2024 00:00 0,62 0,32
301 29-12-2024 23:00 0,56 0,22
302 29-12-2024 22:00 0,64 0,70
303 29-12-2024 21:00 0,61 0,39
304 29-12-2024 20:00  1,5 0,91
305 29-12-2024 19:00 0,85 0,56
306 29-12-2024 18:00  1,2 0,71
307 29-12-2024 17:00  1,6  1,0
308 29-12-2024 16:00  1,0 0,80
309 29-12-2024 15:00 0,90 0,78
310 29-12-2024 14:00 0,89 0,49
311 29-12-2024 13:00 0,80 0,90
312 29-12-2024 12:00  1,1 0,47
313 29-12-2024 11:00  1,3 0,88
314 29-12-2024 10:00  2,3  1,7
315 29-12-2024 09:00  2,0  1,3
316 29-12-2024 08:00  1,5 0,96
317 29-12-2024 07:00  1,6  1,1
318 29-12-2024 06:00  2,1  2,2
319 29-12-2024 05:00  4,1  4,3
320 29-12-2024 04:00  5,9  6,3
321 29-12-2024 03:00  8,9  8,9
322 29-12-2024 02:00 10,1 10,5
323 29-12-2024 01:00 10,4 10,4
324 29-12-2024 00:00 10,0 10,1
325 28-12-2024 23:00  8,9  9,1
326 28-12-2024 22:00  6,8  7,1
327 28-12-2024 21:00  6,2  6,4
328 28-12-2024 20:00  6,2  6,5
329 28-12-2024 19:00  5,1  5,2
330 28-12-2024 18:00  4,4  4,6
331 28-12-2024 17:00  4,2  4,0
332 28-12-2024 16:00  3,3  3,7
333 28-12-2024 15:00  3,1  3,4
334 28-12-2024 14:00  3,4  3,4
335 28-12-2024 13:00  3,1  3,2
336 28-12-2024 12:00  2,2  2,1
337 28-12-2024 11:00  1,9  2,0
338 28-12-2024 10:00  1,4  1,5
339 28-12-2024 09:00  1,8  1,8
340 28-12-2024 08:00  1,8  1,7
341 28-12-2024 07:00  2,1  2,0
342 28-12-2024 06:00  2,1  2,0
343 28-12-2024 05:00  2,3  1,6
344 28-12-2024 04:00  1,3  1,5
345 28-12-2024 03:00 0,97 0,52
346 28-12-2024 02:00 0,77 0,45
347 28-12-2024 01:00  1,1 0,56
348 28-12-2024 00:00 0,84 0,48
349 27-12-2024 23:00  1,2 0,93
350 27-12-2024 22:00  1,3 0,92
351 27-12-2024 21:00  4,4  3,8
352 27-12-2024 20:00  1,6 0,94
353 27-12-2024 19:00  1,9  1,8
354 27-12-2024 18:00  1,1  1,1
355 27-12-2024 17:00  1,8  1,3
356 27-12-2024 16:00  1,6  1,6
357 27-12-2024 15:00  1,8  1,3
358 27-12-2024 14:00  1,7  1,2
359 27-12-2024 13:00  1,6  1,0
360 27-12-2024 12:00 0,73 0,48
361 27-12-2024 11:00  1,3  1,0
362 27-12-2024 10:00  1,9  1,8
363 27-12-2024 09:00 0,67 0,53
364 27-12-2024 08:00  1,3  1,0
365 27-12-2024 07:00 0,87 0,27
366 27-12-2024 06:00  1,1 0,88
367 27-12-2024 05:00 0,57 0,25
368 27-12-2024 04:00 0,65 0,08
369 27-12-2024 03:00 0,57 0,69
370 27-12-2024 02:00 0,50 0,83
371 27-12-2024 01:00 0,32 0,48
372 27-12-2024 00:00 0,55 0,57
373 26-12-2024 23:00 0,96  1,1
374 26-12-2024 22:00 0,78 0,54
375 26-12-2024 21:00  1,4  1,4
376 26-12-2024 20:00 0,87 0,63
377 26-12-2024 19:00 0,33 0,32
378 26-12-2024 18:00 0,49 0,44
379 26-12-2024 17:00 0,71 0,67
380 26-12-2024 16:00 0,56 0,40
381 26-12-2024 15:00 0,41     
382 26-12-2024 14:00 0,40 0,38
383 26-12-2024 13:00 0,49 0,18
384 26-12-2024 12:00 0,55 0,72
385 26-12-2024 11:00 0,28 0,24
386 26-12-2024 10:00 0,39 0,17
387 26-12-2024 09:00 0,27     
388 26-12-2024 08:00 0,52 0,39
389 26-12-2024 07:00 0,82 0,58
390 26-12-2024 06:00 0,42 0,48
391 26-12-2024 05:00 0,14 0,31
392 26-12-2024 04:00 0,63  1,2
393 26-12-2024 03:00 0,25 0,93
394 26-12-2024 02:00 0,43  1,1
395 26-12-2024 01:00 0,38 0,98
396 26-12-2024 00:00 0,53 0,68
397 25-12-2024 23:00  1,1  2,0
398 25-12-2024 22:00 0,66  1,3
399 25-12-2024 21:00 0,55  1,1
400 25-12-2024 20:00  1,9  2,3
401 25-12-2024 19:00  2,7  3,5
402 25-12-2024 18:00  4,9  5,3
403 25-12-2024 17:00  6,5  7,0
404 25-12-2024 16:00  1,3  2,3
405 25-12-2024 15:00 0,94 0,86
406 25-12-2024 14:00  1,2  1,8
407 25-12-2024 13:00  1,2  1,6
408 25-12-2024 12:00  1,4  1,8
409 25-12-2024 11:00  1,8  2,8
410 25-12-2024 10:00  2,2  2,7
411 25-12-2024 09:00  3,5  3,7
412 25-12-2024 08:00  4,7  4,9
413 25-12-2024 07:00  4,9  5,5
414 25-12-2024 06:00  8,2  8,6
415 25-12-2024 05:00  4,7  4,9
416 25-12-2024 04:00  7,5  8,2
417 25-12-2024 03:00  7,0  7,4
418 25-12-2024 02:00  5,1  5,6
419 25-12-2024 01:00  4,4  5,0
420 25-12-2024 00:00  3,1  3,1
421 24-12-2024 23:00  2,9  3,4
422 24-12-2024 22:00  3,0  3,8
423 24-12-2024 21:00  3,2  3,5
424 24-12-2024 20:00  3,5  4,0
425 24-12-2024 19:00  3,6  4,2
426 24-12-2024 18:00  4,2  4,7
427 24-12-2024 17:00  4,1  4,2
428 24-12-2024 16:00  2,6  3,2
429 24-12-2024 15:00  3,4  3,9
430 24-12-2024 14:00  3,6  4,2
431 24-12-2024 13:00  2,6  3,3
432 24-12-2024 12:00  2,1  2,9
433 24-12-2024 11:00  3,1  3,6
434 24-12-2024 10:00  2,0  2,8
435 24-12-2024 09:00  1,3  1,9
436 24-12-2024 08:00  1,1  1,8
437 24-12-2024 07:00  1,7  1,7
438 24-12-2024 06:00 0,95  1,8
439 24-12-2024 05:00  1,4  2,1
440 24-12-2024 04:00  2,2  2,9
441 24-12-2024 03:00  2,0  2,1
442 24-12-2024 02:00  2,4  2,2
443 24-12-2024 01:00  2,8  2,6
444 24-12-2024 00:00  1,5  1,6
445 23-12-2024 23:00  1,4  1,5
446 23-12-2024 22:00  1,5  1,4
447 23-12-2024 21:00  1,5  1,7
448 23-12-2024 20:00  1,8  2,0
449 23-12-2024 19:00  2,6  2,8
450 23-12-2024 18:00  2,3  2,3
451 23-12-2024 17:00  3,9  3,7
452 23-12-2024 16:00  4,0  4,0
453 23-12-2024 15:00  2,0  1,7
454 23-12-2024 14:00  1,6  1,9
455 23-12-2024 13:00  1,2  1,1
456 23-12-2024 12:00  1,3  1,5
457 23-12-2024 11:00  1,5  2,0
458 23-12-2024 10:00  1,3 0,91
459 23-12-2024 09:00  1,6  1,5
460 23-12-2024 08:00  2,0  1,9
461 23-12-2024 07:00  4,0  4,4
462 23-12-2024 06:00  1,8  1,4
463 23-12-2024 05:00  2,9  2,8
464 23-12-2024 04:00  4,1  3,9
465 23-12-2024 03:00  4,9  4,8
466 23-12-2024 02:00  2,1  1,8
467 23-12-2024 01:00  2,3  2,1
468 23-12-2024 00:00  1,9  1,9
469 22-12-2024 23:00  2,2  2,3
470 22-12-2024 22:00  2,6  2,5
471 22-12-2024 21:00  2,4  2,4
472 22-12-2024 20:00  3,7  3,3
473 22-12-2024 19:00  2,8  2,5
474 22-12-2024 18:00  2,7  2,2
475 22-12-2024 17:00  2,7  2,5
476 22-12-2024 16:00  3,9  3,6
477 22-12-2024 15:00  3,2  2,7
478 22-12-2024 14:00  3,1  3,0
479 22-12-2024 13:00  2,6  2,8
480 22-12-2024 12:00  2,3  2,6
481 22-12-2024 11:00  2,0  1,8
482 22-12-2024 10:00  2,0  2,3
483 22-12-2024 09:00  2,4  2,1
484 22-12-2024 08:00  2,2  1,9
485 22-12-2024 07:00  1,8  2,0
486 22-12-2024 06:00  1,8  1,7
487 22-12-2024 05:00  2,4  1,5
488 22-12-2024 04:00  1,1  1,8
489 22-12-2024 03:00  1,3  1,8
490 22-12-2024 02:00  1,3  1,5
491 22-12-2024 01:00  1,5  2,0
492 22-12-2024 00:00  1,2  1,7
493 21-12-2024 23:00  2,4  2,6
494 21-12-2024 22:00  2,9  3,1
495 21-12-2024 21:00  4,1  4,4
496 21-12-2024 20:00  5,4  5,8
497 21-12-2024 19:00  3,8  4,2
498 21-12-2024 18:00  2,9  3,2
499 21-12-2024 17:00  2,5  2,8
500 21-12-2024 16:00  2,3  2,7
501 21-12-2024 15:00  2,2  2,3
502 21-12-2024 14:00  2,9  3,1
503 21-12-2024 13:00  2,5  2,7
504 21-12-2024 12:00  2,4  2,7
505 21-12-2024 11:00  2,3  2,8
506 21-12-2024 10:00  2,1  2,3
507 21-12-2024 09:00  2,3  2,6
508 21-12-2024 08:00  1,6  2,3
509 21-12-2024 07:00  1,4  1,6
510 21-12-2024 06:00  3,2  3,3
511 21-12-2024 05:00  5,0  5,5
512 21-12-2024 04:00  4,6  4,9
513 21-12-2024 03:00  2,8  3,4
514 21-12-2024 02:00  1,2  1,9
515 21-12-2024 01:00  1,2  1,5
516 21-12-2024 00:00  1,0  1,5
517 20-12-2024 23:00  1,5  1,9
518 20-12-2024 22:00  1,7  2,4
519 20-12-2024 21:00  1,5  2,0
520 20-12-2024 20:00  2,2  2,9
521 20-12-2024 19:00  1,0  1,4
522 20-12-2024 18:00 0,87  1,1
523 20-12-2024 17:00  1,2  1,6
524 20-12-2024 16:00 0,56  1,3
525 20-12-2024 15:00 0,11 0,55
526 20-12-2024 14:00 0,24 0,75
527 20-12-2024 13:00 0,29 0,70
528 20-12-2024 12:00 0,35  1,2
529 20-12-2024 11:00 0,46  1,1
530 20-12-2024 10:00 0,36 0,86
531 20-12-2024 09:00 0,45 0,75
532 20-12-2024 08:00 0,49 0,93
533 20-12-2024 07:00 0,37 0,52
534 20-12-2024 06:00 0,02 0,88
535 20-12-2024 05:00 0,90 0,64
536 20-12-2024 04:00  1,1 0,55
537 20-12-2024 03:00 0,92 0,63
538 20-12-2024 02:00 0,90  1,1
539 20-12-2024 01:00 0,99  1,4
540 20-12-2024 00:00  1,3  1,3
541 19-12-2024 23:00  1,7  1,2
542 19-12-2024 22:00  1,8  1,3
543 19-12-2024 21:00  1,3  1,0
544 19-12-2024 20:00  1,7  1,0
545 19-12-2024 19:00  1,7  1,5
546 19-12-2024 18:00  1,9  1,8
547 19-12-2024 17:00  2,4  2,0
548 19-12-2024 16:00  2,2  2,5
549 19-12-2024 15:00  2,4  2,1
550 19-12-2024 14:00  3,7  3,3
551 19-12-2024 13:00  1,8  1,6
552 19-12-2024 12:00  1,0 0,76
553 19-12-2024 11:00  1,1  1,1
554 19-12-2024 10:00  1,5  1,8
555 19-12-2024 09:00  3,1  2,6
556 19-12-2024 08:00  4,1  4,0
557 19-12-2024 07:00  3,7  3,2
558 19-12-2024 06:00  4,7  4,2
559 19-12-2024 05:00  4,8  4,3
560 19-12-2024 04:00  1,3  1,3
561 19-12-2024 03:00  2,5  1,2
562 19-12-2024 02:00  1,2 0,47
563 19-12-2024 01:00  1,0 0,53
564 19-12-2024 00:00  1,0 0,41
565 18-12-2024 23:00  1,3 0,51
566 18-12-2024 22:00  1,3 0,49
567 18-12-2024 21:00 0,98 0,80
568 18-12-2024 20:00  3,7  3,2
569 18-12-2024 19:00  5,0  4,5
570 18-12-2024 18:00  6,5  5,6
571 18-12-2024 17:00  7,6  7,1
572 18-12-2024 16:00  8,1  7,5
573 18-12-2024 15:00  7,5  7,1
574 18-12-2024 14:00  6,4  6,1
575 18-12-2024 13:00  6,9  6,9
576 18-12-2024 12:00  7,3  6,7
577 18-12-2024 11:00  9,2  9,0
578 18-12-2024 10:00  8,5  7,8
579 18-12-2024 09:00  8,6  8,1
580 18-12-2024 08:00  6,9  6,4
581 18-12-2024 07:00  5,8  5,5
582 18-12-2024 06:00  6,9  6,7
583 18-12-2024 05:00 10,9 10,4
584 18-12-2024 04:00  6,0  5,7
585 18-12-2024 03:00  5,2  5,7
586 18-12-2024 02:00  2,8  3,4
587 18-12-2024 01:00  3,1  3,5
588 18-12-2024 00:00  1,8  2,4
589 17-12-2024 23:00  3,2  3,5
590 17-12-2024 22:00  3,1  3,3
591 17-12-2024 21:00  2,2  3,2
592 17-12-2024 20:00  5,7  6,2
593 17-12-2024 19:00  2,6  3,2
594 17-12-2024 18:00  2,1  2,4
595 17-12-2024 17:00  1,7  2,0
596 17-12-2024 16:00  1,5  2,5
597 17-12-2024 15:00  1,8  2,7
598 17-12-2024 14:00  1,2  1,3
599 17-12-2024 13:00  1,4  2,1
600 17-12-2024 12:00  1,5  1,6
601 17-12-2024 11:00  1,9  2,7
602 17-12-2024 10:00  1,4  2,0
603 17-12-2024 09:00 0,91  1,8
604 17-12-2024 08:00 0,87  1,2
605 17-12-2024 07:00 0,83  1,2
606 17-12-2024 06:00 0,92  1,7
607 17-12-2024 05:00  1,4  1,5
608 17-12-2024 04:00  1,8  2,8
609 17-12-2024 03:00  1,4  1,6
610 17-12-2024 02:00  1,4  2,0
611 17-12-2024 01:00  2,1  1,9
612 17-12-2024 00:00  1,7  1,9
613 16-12-2024 23:00  1,3  1,9
614 16-12-2024 22:00  1,5  2,0
615 16-12-2024 21:00  1,4  1,8
616 16-12-2024 20:00  1,2  1,2
617 16-12-2024 19:00  1,2 0,92
618 16-12-2024 18:00  1,4  1,8
619 16-12-2024 17:00  3,2  4,5
620 16-12-2024 16:00  1,8  2,3
621 16-12-2024 15:00  1,4  1,9
622 16-12-2024 14:00  1,7  1,4
623 16-12-2024 13:00  1,2  1,2
624 16-12-2024 12:00  1,3  1,9
625 16-12-2024 11:00  1,3  1,9
626 16-12-2024 10:00  1,7  2,0
627 16-12-2024 09:00  1,2  1,3
628 16-12-2024 08:00  1,3  1,1
629 16-12-2024 07:00  1,2  1,8
630 16-12-2024 06:00  1,2  1,3
631 16-12-2024 05:00  1,4  1,1
632 16-12-2024 04:00 0,37 0,13
633 16-12-2024 03:00 0,70 0,23
634 16-12-2024 02:00 0,71 0,43
635 16-12-2024 01:00 0,65 0,61
636 16-12-2024 00:00  1,0 0,77
637 15-12-2024 23:00 0,90 0,28
638 15-12-2024 22:00 0,86 0,35
639 15-12-2024 21:00  1,6  1,0
640 15-12-2024 20:00  1,4 0,74
641 15-12-2024 19:00  1,2  1,1
642 15-12-2024 18:00  1,5 0,78
643 15-12-2024 17:00  1,4 0,97
644 15-12-2024 16:00  2,7  2,4
645 15-12-2024 15:00  4,1  3,9
646 15-12-2024 14:00  3,4  3,2
647 15-12-2024 13:00  3,9  3,9
648 15-12-2024 12:00  1,9  1,7
649 15-12-2024 11:00  1,6  1,6
650 15-12-2024 10:00  1,5  1,0
651 15-12-2024 09:00  1,1 0,96
652 15-12-2024 08:00  1,3 0,80
653 15-12-2024 07:00  2,1  1,5
654 15-12-2024 06:00  2,2  1,9
655 15-12-2024 05:00  2,0  1,9
656 15-12-2024 04:00  1,8  1,3
657 15-12-2024 03:00 0,97  1,8
658 15-12-2024 02:00 0,86  1,0
659 15-12-2024 01:00 0,56  1,5
660 15-12-2024 00:00 0,68  1,3
661 14-12-2024 23:00  1,3  2,1
662 14-12-2024 22:00 0,97  1,6
663 14-12-2024 21:00  1,5  1,8
664 14-12-2024 20:00  1,6  2,0
665 14-12-2024 19:00  1,8  2,6
666 14-12-2024 18:00  1,8  2,3
667 14-12-2024 17:00  1,5  1,7
668 14-12-2024 16:00  1,2  2,0
669 14-12-2024 15:00 0,83  1,3
670 14-12-2024 14:00 0,77  1,2
671 14-12-2024 13:00  1,1  1,5
672 14-12-2024 12:00  1,5  2,3
673 14-12-2024 11:00  2,1  2,6
674 14-12-2024 10:00  3,2  3,7
675 14-12-2024 09:00  3,4  3,7
676 14-12-2024 08:00  3,9  4,8
677 14-12-2024 07:00  4,6  5,0
678 14-12-2024 06:00  4,3  4,5
679 14-12-2024 05:00  3,8  4,0
680 14-12-2024 04:00  3,7  4,0
681 14-12-2024 03:00  3,1  3,3
682 14-12-2024 02:00  2,7  2,5
683 14-12-2024 01:00  3,6  4,1
684 14-12-2024 00:00  2,3  2,5
685 13-12-2024 23:00  2,7  2,6
686 13-12-2024 22:00  2,5  2,0
687 13-12-2024 21:00  2,8  3,0
688 13-12-2024 20:00  2,8  3,1
689 13-12-2024 19:00  3,4  3,5
690 13-12-2024 18:00  2,3  2,2
691 13-12-2024 17:00  1,9  2,0
692 13-12-2024 16:00  2,2  2,1
693 13-12-2024 15:00  2,2  2,6
694 13-12-2024 14:00  2,8  3,5
695 13-12-2024 13:00  2,8  3,2
696 13-12-2024 12:00  3,1  3,5
697 13-12-2024 11:00  2,1  2,7
698 13-12-2024 10:00  2,1  2,2
699 13-12-2024 09:00  1,3  1,6
700 13-12-2024 08:00 0,82 0,73
701 13-12-2024 07:00  1,2  1,4
702 13-12-2024 06:00 0,99 0,85
703 13-12-2024 05:00 0,61 0,98
704 13-12-2024 04:00  2,8  3,1
705 13-12-2024 03:00  1,9  2,7
706 13-12-2024 02:00  2,3  3,1
707 13-12-2024 01:00  1,8  2,3
708 13-12-2024 00:00  1,6  2,0
709 12-12-2024 23:00  1,4  1,4
710 12-12-2024 22:00  1,4  1,7
711 12-12-2024 21:00  1,7  2,6
712 12-12-2024 20:00  2,4  3,5
713 12-12-2024 19:00  2,7  3,3
714 12-12-2024 18:00  3,6  4,4
715 12-12-2024 17:00  6,5  7,4
716 12-12-2024 16:00  3,8  4,6
717 12-12-2024 15:00  2,0  2,3
718 12-12-2024 14:00  5,3  6,2
719 12-12-2024 13:00  2,1  2,8
720 12-12-2024 12:00 0,78  1,4
721 12-12-2024 11:00 0,72  1,2
722 12-12-2024 10:00  2,1  3,0
723 12-12-2024 09:00  2,4  3,5
724 12-12-2024 08:00  6,5  8,4
725 12-12-2024 07:00  7,2  8,9
726 12-12-2024 06:00  4,6  4,9
727 12-12-2024 05:00  4,3  4,8
728 12-12-2024 04:00  4,0  4,5
729 12-12-2024 03:00  6,3  7,1
730 12-12-2024 02:00  3,8  4,7
731 12-12-2024 01:00 10,2 11,1
732 12-12-2024 00:00  5,4  6,2
733 11-12-2024 23:00  3,7  4,3
734 11-12-2024 22:00  1,9  2,2
735 11-12-2024 21:00  4,6  5,1
736 11-12-2024 20:00  3,8  4,3
737 11-12-2024 19:00  2,7  3,9
738 11-12-2024 18:00  2,6  3,4
739 11-12-2024 17:00  2,8  3,5
740 11-12-2024 16:00  2,7  3,2
741 11-12-2024 15:00  3,3  3,3
742 11-12-2024 14:00  3,5  4,7
743 11-12-2024 13:00  3,4  4,6
744 11-12-2024 12:00  2,0  3,0
[1] "Fundet token: UVlSzuY2aMhdnUfzohDwhjnnlsHEtHoyPQqFLsJK20hmMe9eWOI4sBgB5c4TfFiEhuKdlrz3VbduYMGSRBT5VIb5H-JEW-SqdbK4GxjLa381"
[1] "Fundet tabel som dataframe:"
     Målt (starttid)   CO  NO2   NOX PM10
1   11-01-2025 11:00 0,18  5,8   9,7   NA
2   11-01-2025 10:00 0,17  5,3   8,1   NA
3   11-01-2025 09:00 0,17  4,7   5,5   NA
4   11-01-2025 08:00 0,17  4,9   5,1   NA
5   11-01-2025 07:00 0,17  3,6   4,6   NA
6   11-01-2025 06:00 0,17  4,0   4,4   NA
7   11-01-2025 05:00 0,17  3,8   3,6   NA
8   11-01-2025 04:00 0,17  3,8   4,0   NA
9   11-01-2025 03:00 0,14  2,2   2,2   NA
10  11-01-2025 02:00 0,14  2,7   2,4   NA
11  11-01-2025 01:00 0,14  3,5   3,3   NA
12  11-01-2025 00:00 0,16  5,2   6,1   NA
13  10-01-2025 23:00 0,17  8,2   9,2   NA
14  10-01-2025 22:00 0,18 12,5  14,4   NA
15  10-01-2025 21:00 0,18 10,7  12,1   NA
16  10-01-2025 20:00 0,17  9,3  10,4   NA
17  10-01-2025 19:00 0,19  9,2  12,0   NA
18  10-01-2025 18:00 0,18 11,0  14,1   NA
19  10-01-2025 17:00 0,20 13,8  18,1   NA
20  10-01-2025 16:00 0,21 15,6  21,2   NA
21  10-01-2025 15:00 0,23 16,1  23,8   NA
22  10-01-2025 14:00 0,23 12,9  19,1   NA
23  10-01-2025 13:00 0,23 14,1  22,3   NA
24  10-01-2025 12:00 0,22 14,8  24,3   NA
25  10-01-2025 11:00 0,24 18,3  30,5   NA
26  10-01-2025 10:00 0,23 22,0  38,0   NA
27  10-01-2025 09:00 0,28 28,5  54,3   NA
28  10-01-2025 08:00 0,27 31,6  62,5   NA
29  10-01-2025 07:00 0,29 40,0  70,5   NA
30  10-01-2025 06:00 0,28 37,3  64,6   NA
31  10-01-2025 05:00 0,20 36,4  55,9   NA
32  10-01-2025 04:00 0,21 25,6  35,9   NA
33  10-01-2025 03:00 0,18 20,5  24,9   NA
34  10-01-2025 02:00 0,17 21,9  27,8   NA
35  10-01-2025 01:00 0,18 12,2  14,6   NA
36  10-01-2025 00:00 0,20 16,4  20,7   NA
37  09-01-2025 23:00 0,26 31,2  48,0   NA
38  09-01-2025 22:00 0,38 52,4 135,1   NA
39  09-01-2025 21:00 0,42 59,2 169,3   NA
40  09-01-2025 20:00 0,39 58,9 156,0   NA
41  09-01-2025 19:00 0,49 61,9 163,8   NA
42  09-01-2025 18:00  1,0 66,7 193,0   NA
43  09-01-2025 17:00  1,8 55,0 154,8   NA
44  09-01-2025 16:00 0,46 71,8 153,5   NA
45  09-01-2025 15:00 0,40 62,1 147,8   NA
46  09-01-2025 14:00 0,27 35,0  58,0   NA
47  09-01-2025 10:00 0,24 61,3 126,5   NA
48  09-01-2025 09:00 0,26 50,3  91,5   NA
49  09-01-2025 06:00 0,22 26,7  35,1   NA
50  09-01-2025 05:00 0,16 17,4  23,6   NA
51  09-01-2025 04:00 0,18  7,4   8,5   NA
52  09-01-2025 03:00 0,20 14,3  16,3   NA
53  09-01-2025 02:00 0,19 11,5  12,6   NA
54  09-01-2025 01:00 0,19  6,7   6,9   NA
55  09-01-2025 00:00 0,19 10,6  12,4   NA
56  08-01-2025 23:00 0,21 15,4  21,4   NA
57  08-01-2025 22:00 0,22 20,7  28,8   NA
58  08-01-2025 21:00 0,22 12,6  18,0   NA
59  08-01-2025 20:00 0,22 14,4  19,7   NA
60  08-01-2025 19:00 0,21 11,5  18,5   NA
61  08-01-2025 18:00 0,23 20,4  28,8   NA
62  08-01-2025 17:00 0,22 13,5  22,7   NA
63  08-01-2025 16:00 0,23  7,8  17,0   NA
64  08-01-2025 15:00 0,25 19,1  27,8   NA
65  08-01-2025 14:00 0,22 14,2  25,4   NA
66  08-01-2025 13:00 0,22 11,1  20,6   NA
67  08-01-2025 12:00 0,21  4,7  13,4   NA
68  08-01-2025 11:00 0,19  8,0  13,3   NA
69  08-01-2025 10:00 0,20  7,6  13,7   NA
70  08-01-2025 09:00 0,19  7,9  12,9   NA
71  08-01-2025 08:00 0,19 11,2  18,7   NA
72  08-01-2025 07:00 0,19  7,8  13,9   NA
73  08-01-2025 06:00 0,18  3,7   9,0   NA
74  08-01-2025 05:00 0,16  3,7   5,9   NA
75  08-01-2025 04:00 0,16 0,17  0,52   NA
76  08-01-2025 03:00 0,12  1,1  0,71   NA
77  08-01-2025 02:00 0,13 0,72  0,63   NA
78  08-01-2025 01:00 0,13 0,70  0,24   NA
79  08-01-2025 00:00 0,13 0,97   1,9   NA
80  07-01-2025 23:00 0,14  3,8   6,0   NA
81  07-01-2025 22:00 0,15  4,2   7,6   NA
82  07-01-2025 21:00 0,16  5,7  10,5   NA
83  07-01-2025 20:00 0,16  7,3  12,9   NA
84  07-01-2025 19:00 0,17  7,4  12,8   NA
85  07-01-2025 18:00 0,16  8,4  13,7   NA
86  07-01-2025 17:00 0,17  9,4  16,7   NA
87  07-01-2025 16:00 0,16  7,0  14,5   NA
88  07-01-2025 15:00 0,14  5,5   9,6   NA
89  07-01-2025 14:00 0,12  6,6  11,2   NA
90  07-01-2025 13:00 0,13  4,8  10,9   NA
91  07-01-2025 12:00 0,12  2,4   7,5   NA
92  07-01-2025 11:00 0,13  5,4   9,7   NA
93  07-01-2025 10:00 0,13  4,5   8,5   NA
94  07-01-2025 09:00 0,13  8,3  13,8   NA
95  07-01-2025 08:00 0,12  5,7  10,2   NA
96  07-01-2025 07:00 0,13  5,6  10,6   NA
97  07-01-2025 06:00 0,14  3,2   6,9   NA
98  07-01-2025 05:00 0,16  2,4   4,7   NA
99  07-01-2025 04:00 0,17  1,6   2,3   NA
100 07-01-2025 03:00 0,19  1,3   1,9   NA
101 07-01-2025 02:00 0,18  1,4   1,7   NA
102 07-01-2025 01:00 0,18  1,7   2,3   NA
103 07-01-2025 00:00 0,20  1,7   2,5   NA
104 06-01-2025 23:00 0,20  1,9   4,5   NA
105 06-01-2025 22:00 0,22  4,5   7,7   NA
106 06-01-2025 21:00 0,22  3,5   6,9   NA
107 06-01-2025 20:00 0,24  6,0   9,3   NA
108 06-01-2025 19:00 0,24 11,5  18,9   NA
109 06-01-2025 18:00 0,26 13,3  23,6   NA
110 06-01-2025 17:00 0,26 14,6  29,4   NA
111 06-01-2025 16:00 0,28 16,6  33,0   NA
112 06-01-2025 15:00 0,29 19,8  37,0   NA
113 06-01-2025 14:00 0,28 21,6  43,0   NA
114 06-01-2025 13:00 0,27 23,5  45,1   NA
115 06-01-2025 12:00 0,30 23,8  50,9   NA
116 06-01-2025 11:00 0,33 25,4  52,9   NA
117 06-01-2025 10:00 0,33 31,4  68,0   NA
118 06-01-2025 09:00 0,31 21,0  37,7   NA
119 06-01-2025 08:00 0,32 23,5  43,1   NA
120 06-01-2025 07:00 0,32 16,9  27,4   NA
121 06-01-2025 06:00 0,30 15,9  24,0   NA
122 06-01-2025 05:00 0,28 10,5  15,4   NA
123 06-01-2025 04:00 0,24 11,7  14,0   NA
124 06-01-2025 03:00 0,21  7,7   8,3   NA
125 06-01-2025 02:00 0,19  6,3   6,4   NA
126 06-01-2025 01:00 0,17  4,4   4,3   NA
127 06-01-2025 00:00 0,16  3,6   3,8   NA
128 05-01-2025 23:00 0,16  5,4   7,1   NA
129 05-01-2025 22:00 0,17 14,2  19,3   NA
130 05-01-2025 21:00 0,22 11,9  17,1   NA
131 05-01-2025 20:00 0,18 13,2  19,4   NA
132 05-01-2025 19:00 0,20 13,4  20,3   NA
133 05-01-2025 18:00 0,23 16,0  25,7   NA
134 05-01-2025 17:00 0,22 15,9  22,6   NA
135 05-01-2025 16:00 0,20 16,7  23,9   NA
136 05-01-2025 15:00 0,21 16,2  27,0   NA
137 05-01-2025 14:00 0,24 18,4  35,1   NA
138 05-01-2025 13:00 0,24 21,1  45,3   NA
139 05-01-2025 12:00 0,25 20,6  40,4   NA
140 05-01-2025 11:00 0,23 17,5  32,4   NA
141 05-01-2025 10:00 0,19 15,7  31,1   NA
142 05-01-2025 09:00 0,22 20,4  39,8   NA
143 05-01-2025 08:00 0,20 31,6  45,8   NA
144 05-01-2025 07:00 0,16 20,4  27,0   NA
145 05-01-2025 06:00 0,16 16,7  22,2   NA
146 05-01-2025 05:00 0,18 29,2  47,2   NA
147 05-01-2025 04:00 0,17 21,3  23,5   NA
148 05-01-2025 03:00 0,17 13,9  15,4   NA
149 05-01-2025 02:00 0,21 28,3  38,7   NA
150 05-01-2025 01:00 0,18 12,8  14,2   NA
151 05-01-2025 00:00 0,18 14,4  17,9   NA
152 04-01-2025 23:00 0,16 14,9  21,8   NA
153 04-01-2025 22:00 0,15 12,5  17,8   NA
154 04-01-2025 21:00 0,16 11,6  17,3   NA
155 04-01-2025 20:00 0,16 11,6  17,3   NA
156 04-01-2025 19:00 0,19 20,7  28,3   NA
157 04-01-2025 18:00 0,19 23,9  35,6   NA
158 04-01-2025 17:00 0,17 14,8  24,0   NA
159 04-01-2025 16:00 0,17 19,2  28,5   NA
160 04-01-2025 15:00 0,19 21,6  38,4   NA
161 04-01-2025 14:00 0,17 19,8  32,9   NA
162 04-01-2025 13:00 0,19 25,0  42,1   NA
163 04-01-2025 12:00 0,19 23,6  39,4   NA
164 04-01-2025 11:00 0,21 23,2  37,1   NA
165 04-01-2025 10:00 0,20 26,9  41,5   NA
166 04-01-2025 09:00 0,18 33,3  50,3   NA
167 04-01-2025 08:00 0,22 43,2  67,8   NA
168 04-01-2025 07:00 0,28 66,2 149,4   NA
169 04-01-2025 06:00 0,23 41,2  69,6   NA
170 04-01-2025 05:00 0,22 20,4  23,8   NA
171 04-01-2025 04:00 0,28 25,5  39,1   NA
172 04-01-2025 03:00 0,28 18,8  20,5   NA
173 04-01-2025 02:00 0,27 34,1  50,0   NA
174 04-01-2025 01:00 0,27 20,3  23,3   NA
175 04-01-2025 00:00 0,27 31,5  39,9   NA
176 03-01-2025 23:00 0,28 46,3  73,1   NA
177 03-01-2025 22:00 0,26 34,8  58,8   NA
178 03-01-2025 21:00 0,20  8,9  13,0   NA
179 03-01-2025 20:00 0,20 10,0  14,6   NA
180 03-01-2025 19:00 0,23 18,2  28,3   NA
181 03-01-2025 18:00 0,20 12,8  19,0   NA
182 03-01-2025 17:00 0,23 11,3  19,0   NA
183 03-01-2025 16:00 0,23  9,6  15,3   NA
184 03-01-2025 15:00 0,21 10,2  19,1   NA
185 03-01-2025 14:00 0,22  9,8  18,1   NA
186 03-01-2025 13:00 0,17  8,9  16,3   NA
187 03-01-2025 12:00 0,15  9,6  17,7   NA
188 03-01-2025 11:00 0,10  9,9  17,8   NA
189 03-01-2025 10:00 0,16 10,6  15,8   NA
190 03-01-2025 09:00 0,20 10,4  17,8   NA
191 03-01-2025 08:00 0,16 12,4  19,0   NA
192 03-01-2025 07:00 0,15 20,8  30,4   NA
193 03-01-2025 06:00 0,14  7,0  11,4   NA
194 03-01-2025 05:00 0,12  5,4   9,4   NA
195 03-01-2025 04:00 0,18  5,0   6,0   NA
196 03-01-2025 03:00 0,18 13,5  16,1   NA
197 03-01-2025 02:00 0,20  6,4   7,5   NA
198 03-01-2025 01:00 0,20  8,0   8,8   NA
199 03-01-2025 00:00 0,22  5,8   8,0   NA
200 02-01-2025 23:00 0,24  8,5  12,6   NA
201 02-01-2025 22:00 0,22  7,2  12,1   NA
202 02-01-2025 21:00 0,23  8,4  10,7   NA
203 02-01-2025 20:00 0,25  9,0  14,2   NA
204 02-01-2025 19:00 0,26  8,2  14,1   NA
205 02-01-2025 18:00 0,28 14,5  21,7   NA
206 02-01-2025 17:00 0,26 17,4  28,3   NA
207 02-01-2025 16:00 0,27 19,9  40,1   NA
208 02-01-2025 15:00 0,26 18,0  31,3   NA
209 02-01-2025 14:00 0,26 22,6  40,0   NA
210 02-01-2025 13:00 0,27 18,8  36,0   NA
211 02-01-2025 12:00 0,23 15,5  27,2   NA
212 02-01-2025 11:00 0,22 13,0  26,9   NA
213 02-01-2025 10:00 0,27 20,3  36,1   NA
214 02-01-2025 09:00 0,26 33,0  54,5   NA
215 02-01-2025 08:00 0,23 32,1  51,8   NA
216 02-01-2025 07:00 0,23 22,8  33,7   NA
217 02-01-2025 06:00 0,19 11,6  18,2   NA
218 02-01-2025 05:00 0,15  5,4   7,9   NA
219 02-01-2025 04:00 0,15  2,1   2,3   NA
220 02-01-2025 03:00 0,13  1,4  0,83   NA
221 02-01-2025 02:00 0,13  1,3   1,2   NA
222 02-01-2025 01:00 0,14  1,8   1,7   NA
223 02-01-2025 00:00 0,14  4,0   4,7   NA
224 01-01-2025 23:00 0,15  8,0  12,7   NA
225 01-01-2025 22:00 0,15  5,1   8,6   NA
226 01-01-2025 21:00 0,18  3,7   6,6   NA
227 01-01-2025 20:00 0,17  3,8   6,0   NA
228 01-01-2025 19:00 0,16  4,3   6,5   NA
229 01-01-2025 18:00 0,15  7,9  10,2   NA
230 01-01-2025 17:00 0,16  5,3   7,2   NA
231 01-01-2025 16:00 0,18  7,1   9,7   NA
232 01-01-2025 15:00 0,19  6,5  10,0   NA
233 01-01-2025 14:00 0,18  5,0   8,0   NA
234 01-01-2025 13:00 0,20 19,6  26,3   NA
235 01-01-2025 12:00 0,16  7,8  11,4   NA
236 01-01-2025 11:00 0,16  5,9   8,6   NA
237 01-01-2025 10:00 0,16  4,5   5,6   NA
238 01-01-2025 09:00 0,14  7,4  11,3   NA
239 01-01-2025 08:00 0,14  7,9   9,9   NA
240 01-01-2025 07:00 0,14  6,2   7,3   NA
241 01-01-2025 06:00 0,14  6,0   7,6   NA
242 01-01-2025 05:00 0,14  1,4   1,6   NA
243 01-01-2025 04:00 0,16  1,7   2,3   NA
244 01-01-2025 03:00 0,15  2,6   3,0   NA
245 01-01-2025 02:00 0,14  3,6   4,3   NA
246 01-01-2025 01:00 0,14  4,7   5,5   NA
247 01-01-2025 00:00 0,17 10,3  14,7   NA
248 31-12-2024 23:00 0,17  7,8  15,8   NA
249 31-12-2024 22:00 0,14  5,2   7,2   NA
250 31-12-2024 21:00 0,17  5,3   7,4   NA
251 31-12-2024 20:00 0,15  4,7   6,1   NA
252 31-12-2024 19:00 0,14  4,6   5,9   NA
253 31-12-2024 18:00 0,18  7,5  11,5   NA
254 31-12-2024 17:00 0,14  6,9  11,2   NA
255 31-12-2024 16:00 0,14  5,5  11,1   NA
256 31-12-2024 15:00 0,14  6,0  11,7   NA
257 31-12-2024 14:00 0,15  6,7  12,2   NA
258 31-12-2024 13:00 0,14  7,4  13,3   NA
259 31-12-2024 12:00 0,16  9,1  15,7   NA
260 31-12-2024 11:00 0,22 32,3  59,6   NA
261 31-12-2024 10:00 0,19 26,2  45,8   NA
262 31-12-2024 09:00 0,16 22,9  32,9   NA
263 31-12-2024 08:00 0,17 19,6  38,7   NA
264 31-12-2024 07:00 0,17 13,8  25,5   NA
265 31-12-2024 06:00 0,14 11,5  14,1   NA
266 31-12-2024 05:00 0,15  5,1   5,6   NA
267 31-12-2024 04:00 0,13  2,1   2,4   NA
268 31-12-2024 03:00 0,13  2,6   3,2   NA
269 31-12-2024 02:00 0,14  2,9   3,3   NA
270 31-12-2024 01:00 0,13  2,5   3,0   NA
271 31-12-2024 00:00 0,14  3,5   5,6   NA
272 30-12-2024 23:00 0,13  2,9   6,5   NA
273 30-12-2024 22:00 0,14  4,3   9,3   NA
274 30-12-2024 21:00 0,14  6,1   9,7   NA
275 30-12-2024 20:00 0,14  5,4   9,2   NA
276 30-12-2024 19:00 0,14  9,4  13,7   NA
277 30-12-2024 18:00 0,16 11,3  18,3   NA
278 30-12-2024 17:00 0,16  8,9  15,6   NA
279 30-12-2024 16:00 0,15  9,4  16,7   NA
280 30-12-2024 15:00 0,16  9,9  17,4   NA
281 30-12-2024 14:00 0,16  9,4  18,5   NA
282 30-12-2024 13:00 0,16 14,1  24,4   NA
283 30-12-2024 12:00 0,14  8,9  18,0   NA
284 30-12-2024 11:00 0,15 10,4  16,1   NA
285 30-12-2024 10:00 0,14 11,0  17,5   NA
286 30-12-2024 09:00 0,14 10,7  15,0   NA
287 30-12-2024 08:00 0,13  7,5  12,9   NA
288 30-12-2024 07:00 0,13  8,4  12,3   NA
289 30-12-2024 06:00 0,13  7,3  10,4   NA
290 30-12-2024 05:00 0,12  6,1   8,4   NA
291 30-12-2024 04:00 0,13  7,9  10,4   NA
292 30-12-2024 03:00 0,14  2,2   2,8   NA
293 30-12-2024 02:00 0,14  1,8   2,3   NA
294 30-12-2024 01:00 0,14  2,2   2,2   NA
295 30-12-2024 00:00 0,14  3,0   4,0   NA
296 29-12-2024 23:00 0,14  6,3   8,3   NA
297 29-12-2024 22:00 0,14  4,6   7,6   NA
298 29-12-2024 21:00 0,14  4,8   6,9   NA
299 29-12-2024 20:00 0,14  4,8   8,1   NA
300 29-12-2024 19:00 0,14  8,4  11,9   NA
301 29-12-2024 18:00 0,16  7,8  13,0   NA
302 29-12-2024 17:00 0,14  5,8   9,6   NA
303 29-12-2024 16:00 0,14  8,3  13,4   NA
304 29-12-2024 15:00 0,15  9,1  12,9   NA
305 29-12-2024 14:00 0,16  7,9  11,1   NA
306 29-12-2024 13:00 0,16 10,1  14,9   NA
307 29-12-2024 12:00 0,15  5,4  10,7   NA
308 29-12-2024 11:00 0,16  7,5  12,2   NA
309 29-12-2024 10:00 0,15  6,9  10,7   NA
310 29-12-2024 09:00 0,15  6,4   9,2   NA
311 29-12-2024 08:00 0,16  9,1  12,5   NA
312 29-12-2024 07:00 0,17 11,5  17,5   NA
313 29-12-2024 06:00 0,17  9,1  13,0   NA
314 29-12-2024 05:00 0,19  7,2   8,5   NA
315 29-12-2024 04:00 0,18  3,2   3,1   NA
316 29-12-2024 03:00 0,21  3,7   3,6   NA
317 29-12-2024 02:00 0,23  5,8   6,2   NA
318 29-12-2024 01:00 0,25  9,3   9,9   NA
319 29-12-2024 00:00 0,28 13,8  14,8   NA
320 28-12-2024 23:00 0,30 13,5  16,7   NA
321 28-12-2024 22:00 0,31 14,1  16,6   NA
322 28-12-2024 21:00 0,29 13,7  16,9   NA
323 28-12-2024 20:00 0,29 12,1  17,7   NA
324 28-12-2024 19:00 0,28 12,8  18,4   NA
325 28-12-2024 18:00 0,30 13,1  21,3   NA
326 28-12-2024 17:00 0,34 12,7  25,3   NA
327 28-12-2024 16:00 0,34 12,6  25,2   NA
328 28-12-2024 15:00 0,31 12,0  26,4   NA
329 28-12-2024 14:00 0,27 11,2  24,6   NA
330 28-12-2024 13:00 0,29 12,7  32,5   NA
331 28-12-2024 12:00 0,26 14,1  27,9   NA
332 28-12-2024 11:00 0,26 14,2  29,3   NA
333 28-12-2024 10:00 0,25 15,8  31,7   NA
334 28-12-2024 09:00 0,23 11,9  19,2   NA
335 28-12-2024 08:00 0,22 10,5  17,2   NA
336 28-12-2024 07:00 0,23 11,8  22,7   NA
337 28-12-2024 06:00 0,22 10,9  15,0   NA
338 28-12-2024 05:00 0,21  6,0   5,9   NA
339 28-12-2024 04:00 0,14  3,1   3,8   NA
340 28-12-2024 03:00 0,14  3,1   4,7   NA
341 28-12-2024 02:00 0,15  4,1   5,8   NA
342 28-12-2024 01:00 0,15  6,0   8,4   NA
343 28-12-2024 00:00 0,15  7,4  13,2   NA
344 27-12-2024 23:00 0,14 11,1  16,7   NA
345 27-12-2024 22:00 0,17 11,3  22,2   NA
346 27-12-2024 21:00 0,17 15,2  29,6   NA
347 27-12-2024 20:00 0,17 13,5  26,0   NA
348 27-12-2024 19:00 0,19 17,4  30,3   NA
349 27-12-2024 18:00 0,17 21,3  43,5   NA
350 27-12-2024 17:00 0,16 23,3  39,4   NA
351 27-12-2024 16:00 0,18 28,5  54,4   NA
352 27-12-2024 15:00 0,16 17,2  36,2   NA
353 27-12-2024 14:00 0,14 16,5  34,0   NA
354 27-12-2024 13:00 0,14 14,7  29,9   NA
355 27-12-2024 12:00 0,14 12,4  28,1   NA
356 27-12-2024 11:00 0,18 20,4  41,5   NA
357 27-12-2024 10:00 0,16 23,4  47,9   NA
358 27-12-2024 09:00 0,14 13,4  23,8   NA
359 27-12-2024 08:00 0,14 11,7  36,4   NA
360 27-12-2024 07:00 0,14 22,5  52,3   NA
361 27-12-2024 06:00 0,14 19,1  30,8   NA
362 27-12-2024 05:00 0,12 12,1  16,0   NA
363 27-12-2024 04:00 0,10  6,0  10,2   NA
364 27-12-2024 03:00 0,17  4,2   6,8   NA
365 27-12-2024 02:00 0,17  6,2   7,7   NA
366 27-12-2024 01:00 0,17  2,6   4,2   NA
367 27-12-2024 00:00 0,16  5,1   7,9   NA
368 26-12-2024 23:00 0,17  9,3  15,2   NA
369 26-12-2024 22:00 0,17 12,8  22,2   NA
370 26-12-2024 21:00 0,20 14,1  21,7   NA
371 26-12-2024 20:00 0,18 12,0  19,2   NA
372 26-12-2024 19:00 0,19 12,5  22,0   NA
373 26-12-2024 18:00 0,20 13,8  20,4   NA
374 26-12-2024 17:00 0,21 13,0  23,2   NA
375 26-12-2024 16:00 0,18 12,6  24,5   NA
376 26-12-2024 15:00 0,18 12,4  22,7   NA
377 26-12-2024 14:00 0,17  7,4  12,7   NA
378 26-12-2024 13:00 0,17 13,8  19,5   NA
379 26-12-2024 12:00 0,15  8,9  14,3   NA
380 26-12-2024 11:00 0,15  7,1  11,5   NA
381 26-12-2024 10:00 0,15  8,3  12,3   NA
382 26-12-2024 09:00 0,14 10,4  14,1   NA
383 26-12-2024 08:00 0,14  8,5  12,2   NA
384 26-12-2024 07:00 0,14 11,8  17,0   NA
385 26-12-2024 06:00 0,13  8,5  11,5   NA
386 26-12-2024 05:00 0,17  2,6   2,7   NA
387 26-12-2024 04:00 0,17  3,6   5,3   NA
388 26-12-2024 03:00 0,16  1,9   2,9   NA
389 26-12-2024 02:00 0,18  5,0   6,7   NA
390 26-12-2024 01:00 0,18  3,7   4,7   NA
391 26-12-2024 00:00 0,19  4,1   5,8   NA
392 25-12-2024 23:00 0,20  4,9   7,9   NA
393 25-12-2024 22:00 0,20  8,1  12,1   NA
394 25-12-2024 21:00 0,21  7,7  12,7   NA
395 25-12-2024 20:00 0,21  7,2  10,5   NA
396 25-12-2024 19:00 0,21 10,9  17,4   NA
397 25-12-2024 18:00 0,21 12,4  17,2   NA
398 25-12-2024 17:00 0,20  7,6  13,0   NA
399 25-12-2024 16:00 0,21 11,9  16,9   NA
400 25-12-2024 15:00 0,21 14,8  25,8   NA
401 25-12-2024 14:00 0,22 11,1  18,6   NA
402 25-12-2024 13:00 0,20 20,8  34,3   NA
403 25-12-2024 12:00 0,20 14,1  22,2   NA
404 25-12-2024 11:00 0,18  8,6  15,4   NA
405 25-12-2024 10:00 0,17 10,2  14,3   NA
406 25-12-2024 09:00 0,16 13,0  18,2   NA
407 25-12-2024 08:00 0,16 11,2  14,9   NA
408 25-12-2024 07:00 0,19 12,0  18,4   NA
409 25-12-2024 06:00 0,21 11,5  15,5   NA
410 25-12-2024 05:00 0,21  8,2   8,6   NA
411 25-12-2024 04:00 0,21  9,0  10,4   NA
412 25-12-2024 03:00 0,20  8,9   9,8   NA
413 25-12-2024 02:00 0,20  8,8   9,9   NA
414 25-12-2024 01:00 0,21  9,1  11,4   NA
415 25-12-2024 00:00 0,18 10,6  13,8   NA
416 24-12-2024 23:00 0,20 10,1  14,3   NA
417 24-12-2024 22:00 0,16  8,8  12,0   NA
418 24-12-2024 21:00 0,16  5,5   7,9   NA
419 24-12-2024 20:00 0,15  5,4   6,4   NA
420 24-12-2024 19:00 0,15  5,3   7,5   NA
421 24-12-2024 18:00 0,18  8,5  11,4   NA
422 24-12-2024 17:00 0,16 10,0  17,7   NA
423 24-12-2024 16:00 0,16 10,7  17,6   NA
424 24-12-2024 15:00 0,26 15,8  29,3   NA
425 24-12-2024 14:00 0,25 14,7  26,0   NA
426 24-12-2024 13:00 0,22 17,1  30,7   NA
427 24-12-2024 12:00 0,19 14,8  22,8   NA
428 24-12-2024 11:00 0,17 18,2  28,7   NA
429 24-12-2024 10:00 0,17 26,4  38,2   NA
430 24-12-2024 09:00 0,17 25,8  50,1   NA
431 24-12-2024 08:00 0,17 29,1  52,6   NA
432 24-12-2024 07:00 0,16 25,4  44,9   NA
433 24-12-2024 06:00 0,15 23,4  37,1   NA
434 24-12-2024 05:00 0,16 13,8  19,8   NA
435 24-12-2024 04:00 0,15  7,0   7,7   NA
436 24-12-2024 03:00 0,16  5,6   7,4   NA
437 24-12-2024 02:00 0,15  2,7   3,9   NA
438 24-12-2024 01:00 0,14  1,6   2,8   NA
439 24-12-2024 00:00 0,16  3,1   6,3   NA
440 23-12-2024 23:00 0,16  6,1   9,4   NA
441 23-12-2024 22:00 0,16  6,4   8,8   NA
442 23-12-2024 21:00 0,17  4,9   7,3   NA
443 23-12-2024 20:00 0,16  9,4  12,2   NA
444 23-12-2024 19:00 0,16  5,9   8,3   NA
445 23-12-2024 18:00 0,18  5,4   9,1   NA
446 23-12-2024 17:00 0,15  4,9   8,8   NA
447 23-12-2024 16:00 0,16  4,2   7,8   NA
448 23-12-2024 15:00 0,16  6,9  12,1   NA
449 23-12-2024 14:00 0,16  6,2  10,3   NA
450 23-12-2024 13:00 0,16  5,2  11,1   NA
451 23-12-2024 12:00 0,16  6,5  12,0   NA
452 23-12-2024 11:00 0,15  8,9  13,9   NA
453 23-12-2024 10:00 0,14  6,0   9,9   NA
454 23-12-2024 09:00 0,16  4,6   7,5   NA
455 23-12-2024 08:00 0,16  7,9  12,7   NA
456 23-12-2024 07:00 0,14  8,1  11,4   NA
457 23-12-2024 06:00 0,16  5,3   7,6   NA
458 23-12-2024 05:00 0,12  3,0   3,7   NA
459 23-12-2024 04:00 0,13  4,3   4,4   NA
460 23-12-2024 03:00 0,13  2,3   3,4   NA
461 23-12-2024 02:00 0,11  2,2   3,0   NA
462 23-12-2024 01:00 0,13  4,2   5,1   NA
463 23-12-2024 00:00 0,13  5,4   8,1   NA
464 22-12-2024 23:00 0,17  7,0  12,1   NA
465 22-12-2024 22:00 0,16 24,1  39,3   NA
466 22-12-2024 21:00 0,15 18,8  25,6   NA
467 22-12-2024 20:00 0,14 14,2  21,5   NA
468 22-12-2024 19:00 0,14 22,5  33,0   NA
469 22-12-2024 18:00 0,14 16,0  32,8   NA
470 22-12-2024 17:00 0,16 29,5  43,3   NA
471 22-12-2024 16:00 0,17 32,8  45,0   NA
472 22-12-2024 15:00 0,17 19,0  27,0   NA
473 22-12-2024 14:00 0,17 15,3  21,8   NA
474 22-12-2024 13:00 0,17 11,3  19,3   NA
475 22-12-2024 12:00 0,14  9,0  15,5   NA
476 22-12-2024 11:00 0,15 11,9  18,3   NA
477 22-12-2024 10:00 0,15  9,8  16,7   NA
478 22-12-2024 09:00 0,14 10,7  17,7   NA
479 22-12-2024 08:00 0,12 13,2  19,9   NA
480 22-12-2024 07:00 0,12 18,7  25,3   NA
481 22-12-2024 06:00 0,11 10,0  11,7   NA
482 22-12-2024 05:00 0,12  8,2   8,3   NA
483 22-12-2024 04:00 0,14  3,4   3,8   NA
484 22-12-2024 03:00 0,15  4,2   5,4   NA
485 22-12-2024 02:00 0,14  4,4   5,5   NA
486 22-12-2024 01:00 0,14  3,6   4,5   NA
487 22-12-2024 00:00 0,14  3,3   4,2   NA
488 21-12-2024 23:00 0,15  4,1   6,9   NA
489 21-12-2024 22:00 0,15  7,7  10,4   NA
490 21-12-2024 21:00 0,14  7,1  10,3   NA
491 21-12-2024 20:00 0,15  6,7  10,4   NA
492 21-12-2024 19:00 0,16  7,8  12,9   NA
493 21-12-2024 18:00 0,19 10,8  22,6   NA
494 21-12-2024 17:00 0,20 11,0  21,8   NA
495 21-12-2024 16:00 0,16 11,1  19,4   NA
496 21-12-2024 15:00 0,20 15,7  29,6   NA
497 21-12-2024 14:00 0,16 10,4  18,0   NA
498 21-12-2024 13:00 0,16 10,4  16,9   NA
499 21-12-2024 12:00 0,16 11,2  19,9   NA
500 21-12-2024 11:00 0,17 11,5  18,8   NA
501 21-12-2024 10:00 0,14  8,6  13,9   NA
502 21-12-2024 09:00 0,16 16,0  23,3   NA
503 21-12-2024 08:00 0,13  6,3  11,3   NA
504 21-12-2024 07:00 0,13 10,8  15,6   NA
505 21-12-2024 06:00 0,13 13,6  17,5   NA
506 21-12-2024 05:00 0,13  5,3   6,6   NA
507 21-12-2024 04:00 0,13  3,3   3,6   NA
508 21-12-2024 03:00 0,13  4,2   6,2   NA
509 21-12-2024 02:00 0,11  3,6   5,4   NA
510 21-12-2024 01:00 0,13  2,9   4,2   NA
511 21-12-2024 00:00 0,12  3,8   7,0   NA
512 20-12-2024 23:00 0,14  7,0  14,0   NA
513 20-12-2024 22:00 0,14 10,5  17,2   NA
514 20-12-2024 21:00 0,18 13,5  20,4   NA
515 20-12-2024 20:00 0,15 11,5  19,4   NA
516 20-12-2024 19:00 0,14 17,5  25,2   NA
517 20-12-2024 18:00 0,18 19,9  30,3   NA
518 20-12-2024 17:00 0,17 23,8  37,6   NA
519 20-12-2024 16:00 0,17 28,6  45,8   NA
520 20-12-2024 15:00 0,17 27,6  47,1   NA
521 20-12-2024 14:00 0,14 15,7  28,4   NA
522 20-12-2024 13:00 0,13  8,5  16,8   NA
523 20-12-2024 12:00 0,12 12,9  21,1   NA
524 20-12-2024 11:00 0,13 10,5  17,1   NA
525 20-12-2024 10:00 0,13 12,0  18,9   NA
526 20-12-2024 09:00 0,12  9,7  14,9   NA
527 20-12-2024 08:00 0,13 12,0  17,2   NA
528 20-12-2024 07:00 0,13 13,0  21,0   NA
529 20-12-2024 06:00 0,11  5,2   8,5   NA
530 20-12-2024 05:00 0,12  4,6   7,8   NA
531 20-12-2024 04:00 0,08  1,1   2,1   NA
532 20-12-2024 03:00 0,09 0,56   1,2   NA
533 20-12-2024 02:00 0,08 0,80   1,3   NA
534 20-12-2024 01:00 0,09 0,63   1,1   NA
535 20-12-2024 00:00 0,08 0,71   2,0   NA
536 19-12-2024 23:00 0,09  1,5   3,7   NA
537 19-12-2024 22:00 0,10  2,3   5,0   NA
538 19-12-2024 21:00 0,10  5,2   8,2   NA
539 19-12-2024 20:00 0,10  8,2  12,0   NA
540 19-12-2024 19:00 0,11  7,0  10,8   NA
541 19-12-2024 18:00 0,10 10,7  18,3   NA
542 19-12-2024 17:00 0,10  8,9  17,3   NA
543 19-12-2024 16:00 0,11 15,1  25,1   NA
544 19-12-2024 15:00 0,14 25,8  40,1   NA
545 19-12-2024 14:00 0,14 19,4  37,2   NA
546 19-12-2024 13:00 0,13 24,6  41,3   NA
547 19-12-2024 12:00 0,14 23,5  38,8   NA
548 19-12-2024 11:00 0,12 14,3  22,4   NA
549 19-12-2024 10:00 0,10  7,7  12,2   NA
550 19-12-2024 09:00 0,13 12,6  17,4   NA
551 19-12-2024 08:00 0,20 46,1  84,2   NA
552 19-12-2024 07:00 0,23 48,9  94,1   NA
553 19-12-2024 06:00 0,19 46,3  75,7   NA
554 19-12-2024 05:00 0,20 23,2  32,6   NA
555 19-12-2024 04:00 0,10  3,0   3,8   NA
556 19-12-2024 03:00 0,14  1,6   1,2   NA
557 19-12-2024 02:00 0,14  1,4  0,97   NA
558 19-12-2024 01:00 0,14  1,5   1,3   NA
559 19-12-2024 00:00 0,14  3,1   3,7   NA
560 18-12-2024 23:00 0,14  3,7   4,9   NA
561 18-12-2024 22:00 0,13  4,4   5,5   NA
562 18-12-2024 21:00 0,14  6,9   9,2   NA
563 18-12-2024 20:00 0,16  6,5   9,0   NA
564 18-12-2024 19:00 0,16  4,9   7,1   NA
565 18-12-2024 18:00 0,16  7,6  11,2   NA
566 18-12-2024 17:00 0,20 10,0  15,8   NA
567 18-12-2024 16:00 0,22 16,6  24,4   NA
568 18-12-2024 15:00 0,23 18,2  29,2   NA
569 18-12-2024 14:00 0,25 19,9  35,4   NA
570 18-12-2024 13:00 0,23 14,8  27,1   NA
571 18-12-2024 12:00 0,20 13,6  25,4   NA
572 18-12-2024 11:00 0,20 14,3  24,5   NA
573 18-12-2024 10:00 0,21 12,6  17,8   NA
574 18-12-2024 09:00 0,23 16,5  27,8   NA
575 18-12-2024 08:00 0,26 20,3  44,6   NA
576 18-12-2024 07:00 0,25 18,8  37,9   NA
577 18-12-2024 06:00 0,22 12,7  25,6   NA
578 18-12-2024 05:00 0,14 10,6  15,9   NA
579 18-12-2024 04:00 0,14  8,5  11,5   NA
580 18-12-2024 03:00 0,14  6,2   7,9   NA
581 18-12-2024 02:00 0,13  4,6   5,3   NA
582 18-12-2024 01:00 0,13  4,4   5,3   NA
583 18-12-2024 00:00 0,14  4,1   5,0   NA
584 17-12-2024 23:00 0,14  5,6   9,8   NA
585 17-12-2024 22:00 0,14 11,5  15,6   NA
586 17-12-2024 21:00 0,14 19,2  25,3   NA
587 17-12-2024 20:00 0,14 15,8  21,1   NA
588 17-12-2024 19:00 0,14 11,8  16,3   NA
589 17-12-2024 18:00 0,15 18,8  29,0   NA
590 17-12-2024 17:00 0,19 30,5  48,5   NA
591 17-12-2024 16:00 0,16 27,2  46,5   NA
592 17-12-2024 15:00 0,16 25,5  43,0   NA
593 17-12-2024 14:00 0,19 34,8  57,2   NA
594 17-12-2024 13:00 0,14 21,1  33,7   NA
595 17-12-2024 12:00 0,13 15,5  27,4   NA
596 17-12-2024 11:00 0,14 15,6  27,3   NA
597 17-12-2024 10:00 0,14 25,0  39,2   NA
598 17-12-2024 09:00 0,14 24,8  37,9   NA
599 17-12-2024 08:00 0,15 26,3  39,6   NA
600 17-12-2024 07:00 0,14 17,3  27,3   NA
601 17-12-2024 06:00 0,13 23,7  33,1   NA
602 17-12-2024 05:00 0,13  7,7  12,7   NA
603 17-12-2024 04:00 0,14  1,1   1,6   NA
604 17-12-2024 03:00 0,14 0,96   1,4   NA
605 17-12-2024 02:00 0,14  1,2   1,3   NA
606 17-12-2024 01:00 0,14  1,7   1,9   NA
607 17-12-2024 00:00 0,14  2,5   3,1   NA
608 16-12-2024 23:00 0,14  4,1   6,0   NA
609 16-12-2024 22:00 0,14  4,7   6,7   NA
610 16-12-2024 21:00 0,14  7,2   9,5   NA
611 16-12-2024 20:00 0,14  6,8   9,6   NA
612 16-12-2024 19:00 0,14  7,8  11,5   NA
613 16-12-2024 18:00 0,14  7,4  12,0   NA
614 16-12-2024 17:00 0,15 10,1  17,6   NA
615 16-12-2024 16:00 0,20 21,7  36,6   NA
616 16-12-2024 15:00 0,20 12,1  21,6   NA
617 16-12-2024 14:00 0,18 10,4  18,8   NA
618 16-12-2024 13:00 0,15 11,4  19,2   NA
619 16-12-2024 12:00 0,14  7,4  12,9   NA
620 16-12-2024 11:00 0,14  6,7  12,4   NA
621 16-12-2024 10:00 0,15  9,1  15,0   NA
622 16-12-2024 09:00 0,14 13,1  21,3   NA
623 16-12-2024 08:00 0,14  7,5  14,2   NA
624 16-12-2024 07:00 0,16  9,7  16,0   NA
625 16-12-2024 06:00 0,14  4,4   7,6   NA
626 16-12-2024 05:00 0,13  2,0   2,9   NA
627 16-12-2024 04:00 0,13  1,1   1,6   NA
628 16-12-2024 03:00 0,17 0,93  0,60   NA
629 16-12-2024 02:00 0,16  1,4   2,0   NA
630 16-12-2024 01:00 0,16 0,74  0,63   NA
631 16-12-2024 00:00 0,17  1,1   1,4   NA
632 15-12-2024 23:00 0,17 0,99   3,8   NA
633 15-12-2024 22:00 0,16  4,7   6,6   NA
634 15-12-2024 21:00 0,16  6,5  10,0   NA
635 15-12-2024 20:00 0,17  3,4   5,8   NA
636 15-12-2024 19:00 0,17  9,5  14,9   NA
637 15-12-2024 18:00 0,16  8,8  14,0   NA
638 15-12-2024 17:00 0,18  6,3  11,3   NA
639 15-12-2024 16:00 0,21  9,8  16,0   NA
640 15-12-2024 15:00 0,20 10,2  15,9   NA
641 15-12-2024 14:00 0,20 10,2  17,5   NA
642 15-12-2024 13:00 0,20 14,7  23,1   NA
643 15-12-2024 12:00 0,20 15,1  22,3   NA
644 15-12-2024 11:00 0,21 11,8  17,1   NA
645 15-12-2024 10:00 0,20 18,2  25,7   NA
646 15-12-2024 09:00 0,19 17,8  24,6   NA
647 15-12-2024 08:00 0,17 25,1  33,8   NA
648 15-12-2024 07:00 0,18 23,0  30,9   NA
649 15-12-2024 06:00 0,17 24,5  30,1   NA
650 15-12-2024 05:00 0,17 11,5  14,4   NA
651 15-12-2024 04:00 0,18  4,2   5,9   NA
652 15-12-2024 03:00 0,19  4,3   6,4   NA
653 15-12-2024 02:00 0,17  2,9   4,3   NA
654 15-12-2024 01:00 0,17  2,7   3,7   NA
655 15-12-2024 00:00 0,20  7,9  10,8   NA
656 14-12-2024 23:00 0,20  8,4  16,8   NA
657 14-12-2024 22:00 0,20  6,4  13,9   NA
658 14-12-2024 21:00 0,21 12,2  20,7   NA
659 14-12-2024 20:00 0,23 12,7  20,6   NA
660 14-12-2024 19:00 0,27  9,2  16,9   NA
661 14-12-2024 18:00 0,27  9,6  16,9   NA
662 14-12-2024 17:00 0,22 13,6  22,8   NA
663 14-12-2024 16:00 0,20 13,6  25,9   NA
664 14-12-2024 15:00 0,20 11,0  18,7   NA
665 14-12-2024 14:00 0,22 10,1  18,5   NA
666 14-12-2024 13:00 0,22 11,8  20,9   NA
667 14-12-2024 12:00 0,20 17,9  32,2   NA
668 14-12-2024 11:00 0,21 22,9  39,7   NA
669 14-12-2024 10:00 0,21 12,6  21,7   NA
670 14-12-2024 09:00 0,22  8,4  14,9   NA
671 14-12-2024 08:00 0,21  7,3  13,3   NA
672 14-12-2024 07:00 0,23 13,8  20,4   NA
673 14-12-2024 06:00 0,22 12,5  17,5   NA
674 14-12-2024 05:00 0,23  9,0  11,4   NA
675 14-12-2024 04:00 0,26  6,9   9,0   NA
676 14-12-2024 03:00 0,23  6,7  10,6   NA
677 14-12-2024 02:00 0,21  7,9  16,0   NA
678 14-12-2024 01:00 0,21  9,0  15,6   NA
679 14-12-2024 00:00 0,20  8,0  15,1   NA
680 13-12-2024 23:00 0,19  5,5  10,5   NA
681 13-12-2024 22:00 0,20  9,7  16,0   NA
682 13-12-2024 21:00 0,22 12,2  23,1   NA
683 13-12-2024 20:00 0,21 10,1  20,1   NA
684 13-12-2024 19:00 0,23 12,8  29,8   NA
685 13-12-2024 18:00 0,29 18,1  45,6   NA
686 13-12-2024 17:00 0,29 30,1  81,3   NA
687 13-12-2024 16:00 0,28 24,8  71,4   NA
688 13-12-2024 15:00 0,27 29,5  64,3   NA
689 13-12-2024 14:00 0,26 22,0  50,8   NA
690 13-12-2024 13:00 0,24 20,0  48,7   NA
691 13-12-2024 12:00 0,26 25,5  59,4   NA
692 13-12-2024 11:00 0,25 26,2  58,5   NA
693 13-12-2024 10:00 0,28 30,0  74,2   NA
694 13-12-2024 09:00 0,27 33,7  65,3   NA
695 13-12-2024 08:00 0,25 28,8  57,8   NA
696 13-12-2024 07:00 0,26 30,5  65,0   NA
697 13-12-2024 06:00 0,23 28,4  68,7   NA
698 13-12-2024 05:00 0,21 11,1  26,4   NA
699 13-12-2024 04:00 0,20  9,9  14,9   NA
700 13-12-2024 03:00 0,15 12,7  14,1   NA
701 13-12-2024 02:00 0,16 16,6  19,1   NA
702 13-12-2024 01:00 0,16 25,0  27,3   NA
703 13-12-2024 00:00 0,16 24,5  29,5   NA
704 12-12-2024 23:00 0,16 20,6  31,1   NA
705 12-12-2024 22:00 0,17 27,2  43,6   NA
706 12-12-2024 21:00 0,20 32,0  49,8   NA
707 12-12-2024 20:00 0,25 31,9  57,0   NA
708 12-12-2024 19:00 0,24 34,1  58,4   NA
709 12-12-2024 18:00 0,24 32,6  61,9   NA
710 12-12-2024 17:00 0,21 35,3  65,7   NA
711 12-12-2024 16:00 0,21 35,8  80,4   NA
712 12-12-2024 15:00 0,19 33,2  64,5   NA
713 12-12-2024 14:00 0,17 28,2  64,2   NA
714 12-12-2024 13:00 0,14 20,5  44,7   NA
715 12-12-2024 12:00 0,16 19,7  34,8   NA
716 12-12-2024 11:00 0,17 16,2  35,5   NA
717 12-12-2024 10:00 0,21 26,0  46,4   NA
718 12-12-2024 09:00 0,23 35,2  75,0   NA
719 12-12-2024 08:00 0,21 36,2  69,1   NA
720 12-12-2024 07:00 0,18 34,0  64,1   NA
721 12-12-2024 06:00 0,16 23,7  45,8   NA
722 12-12-2024 05:00 0,15  8,0  16,5   NA
723 12-12-2024 04:00 0,14  4,8   6,5   NA
724 12-12-2024 03:00 0,14  5,0   6,9   NA
725 12-12-2024 02:00 0,15  4,7   6,1   NA
726 12-12-2024 01:00 0,15  4,0   4,7   NA
727 12-12-2024 00:00 0,16  6,2   8,6   NA
728 11-12-2024 23:00 0,16  7,9  13,6   NA
729 11-12-2024 22:00 0,15  6,9  10,8   NA
730 11-12-2024 21:00 0,18  6,8  12,7   NA
731 11-12-2024 20:00 0,16 12,4  18,0   NA
732 11-12-2024 19:00 0,19 12,2  19,4   NA
733 11-12-2024 18:00 0,20 15,6  29,6   NA
734 11-12-2024 17:00 0,22 24,2  46,5   NA
735 11-12-2024 16:00 0,21 26,6  50,1   NA
736 11-12-2024 15:00 0,24 32,7  63,1   NA
737 11-12-2024 14:00 0,24 36,7  81,4   NA
738 11-12-2024 13:00 0,27 36,2  77,9   NA
739 11-12-2024 12:00 0,26 55,2 127,2   NA
[1] "Fundet token: thwPITpk_5HYM7-Al8k9Z1nW3YUKKUNGmimS8YcUxueJxu7qINqD1QEgnS6YijgRRVMgvqAhzoFpnPqga5G5WArkoaOdcHDA1mt7Ph5yKGU1"
[1] "Fundet tabel som dataframe:"
     Målt (starttid)   CO  NO2  NOX   O3  PM10
1   11-01-2025 11:00 0,19  1,6  1,8 69,2  10,8
2   11-01-2025 10:00 0,20  2,0  2,2 69,4  10,6
3   11-01-2025 09:00 0,18  1,0  1,3 73,2  11,4
4   11-01-2025 08:00 0,17 0,95 0,74 73,3  11,5
5   11-01-2025 07:00 0,18  1,6  1,7 71,3   9,5
6   11-01-2025 06:00 0,19  1,9  2,0 70,7  11,7
7   11-01-2025 05:00 0,16  1,4  1,1 70,1  11,0
8   11-01-2025 04:00 0,14  1,0  1,3 69,9  10,9
9   11-01-2025 03:00 0,14  1,1  1,5 69,2  12,5
10  11-01-2025 02:00 0,14  3,2  3,4 66,7  12,5
11  11-01-2025 01:00 0,14  3,0  3,2 67,1  10,4
12  11-01-2025 00:00 0,14  1,8  1,9 70,0   9,6
13  10-01-2025 23:00 0,14  1,2  1,6 67,6  10,1
14  10-01-2025 22:00 0,14  2,6  2,9 60,1  11,5
15  10-01-2025 21:00 0,14  1,6  2,1 57,4  10,3
16  10-01-2025 20:00 0,14  1,5  2,2 57,9   5,5
17  10-01-2025 19:00 0,16  2,1  2,4 53,8   5,5
18  10-01-2025 18:00 0,17  1,8  2,1 51,6   8,6
19  10-01-2025 17:00 0,17  2,9  3,0 49,9   8,6
20  10-01-2025 16:00 0,18  2,3  2,5 50,5   9,0
21  10-01-2025 15:00 0,18  2,9  3,7 48,3   8,1
22  10-01-2025 14:00 0,18  2,8  3,6 48,7   3,3
23  10-01-2025 13:00 0,17  2,0  3,0 48,5   6,5
24  10-01-2025 12:00 0,17  1,9  3,0 49,2  10,0
25  10-01-2025 11:00 0,19  2,5  3,3 49,5   5,8
26  10-01-2025 10:00 0,16  2,7  4,1 52,9   7,6
27  10-01-2025 09:00 0,16  5,2  5,8 48,3   7,0
28  10-01-2025 08:00 0,16  7,0  7,0 46,3   8,4
29  10-01-2025 07:00 0,15  5,3  5,8 50,7   2,8
30  10-01-2025 06:00 0,14  6,1  8,1 47,8   4,4
31  10-01-2025 05:00 0,16  3,8  4,0 51,2   6,5
32  10-01-2025 04:00 0,15  2,5  2,3 55,9  11,9
33  10-01-2025 03:00 0,14  2,9  2,6 56,7   8,5
34  10-01-2025 02:00 0,11  2,1  2,3 64,8   6,7
35  10-01-2025 01:00 0,10  1,4  1,5 71,3   3,9
36  10-01-2025 00:00 0,11  2,1  1,6 69,2   2,8
37  09-01-2025 23:00 0,12  2,9  2,8 67,7   4,4
38  09-01-2025 22:00 0,16  6,0  5,6 51,9  12,5
39  09-01-2025 21:00 0,15  7,4  7,2 50,8  12,4
40  09-01-2025 20:00 0,13  4,6  4,4 54,7  10,2
41  09-01-2025 19:00 0,10  3,4  3,4 57,7  11,0
42  09-01-2025 18:00 0,12  3,9  3,7 63,3  10,8
43  09-01-2025 17:00 0,12  4,5  4,5 57,6  10,0
44  09-01-2025 16:00 0,11  5,2  5,8 65,5   9,4
45  09-01-2025 15:00 0,14  5,6  6,3 64,0   8,2
46  09-01-2025 14:00 0,14  4,7  4,8 65,3  14,1
47  09-01-2025 13:00 0,10  3,8  4,4 68,9  10,9
48  09-01-2025 12:00 0,10  4,0  4,7 68,1  11,7
49  09-01-2025 11:00 0,15  4,1  4,1 65,6   9,4
50  09-01-2025 10:00 0,14  5,1  5,7 59,3  17,2
51  09-01-2025 09:00 0,14  5,0  6,3 58,5  13,7
52  09-01-2025 08:00 0,14  5,9  8,2 56,0  15,2
53  09-01-2025 07:00 0,14  5,5  5,6 55,8  13,7
54  09-01-2025 06:00 0,14  4,2  4,6 57,4  12,7
55  09-01-2025 05:00 0,17  2,5  2,3 63,7  10,1
56  09-01-2025 04:00 0,17  2,5  1,8 65,3  15,5
57  09-01-2025 03:00 0,17  2,3  1,5 66,1  14,9
58  09-01-2025 02:00 0,18  2,7  2,4 68,2  15,1
59  09-01-2025 01:00 0,19  2,0  1,7 70,7  14,7
60  09-01-2025 00:00 0,19  1,9  1,1 73,8  14,4
61  08-01-2025 23:00 0,17  1,7  1,5 76,0  14,0
62  08-01-2025 22:00 0,17  1,7 0,80 75,9  17,4
63  08-01-2025 21:00 0,16  1,5  1,1 76,1  16,6
64  08-01-2025 20:00 0,17  1,3 0,99 78,2  11,6
65  08-01-2025 19:00 0,17  1,4 0,96 77,3  14,1
66  08-01-2025 18:00 0,18  1,8  1,3 75,9   9,5
67  08-01-2025 17:00 0,20  1,6  1,1 74,6  10,4
68  08-01-2025 16:00 0,18  1,4 0,83 77,6   9,8
69  08-01-2025 15:00 0,18  1,5  1,0 77,6   7,1
70  08-01-2025 14:00 0,17  1,5 0,62 77,8   4,9
71  08-01-2025 13:00 0,17  1,1 0,69 79,1   8,4
72  08-01-2025 12:00 0,16 0,88 0,46 79,6  12,1
73  08-01-2025 11:00 0,17  1,3  1,0 78,8  15,5
74  08-01-2025 10:00 0,17  1,5  1,1 77,3   8,1
75  08-01-2025 09:00 0,17  1,6  1,0 78,0   9,7
76  08-01-2025 08:00 0,17  1,8  1,1 76,0   4,5
77  08-01-2025 07:00 0,17  1,7  1,2 73,7   6,7
78  08-01-2025 06:00 0,17  2,4  1,9 70,3   9,9
79  08-01-2025 05:00 0,17  2,7  2,1 69,0  10,7
80  08-01-2025 04:00 0,19  2,6  3,3 68,9  10,4
81  08-01-2025 03:00 0,20  3,3  3,7 66,9  12,9
82  08-01-2025 02:00 0,20  3,7  4,0 65,8  12,1
83  08-01-2025 01:00 0,18  3,2  3,4 68,8  10,3
84  08-01-2025 00:00 0,20  3,0  3,6 70,6   8,7
85  07-01-2025 23:00 0,20  2,2  2,8 74,0   5,9
86  07-01-2025 22:00 0,19  3,2  3,2 71,1   7,8
87  07-01-2025 21:00 0,19  3,6  4,2 68,9  10,1
88  07-01-2025 20:00 0,20  4,0  4,2 68,2  14,4
89  07-01-2025 19:00 0,20  4,3  4,2 68,3  16,3
90  07-01-2025 18:00 0,21  4,1  4,4 69,3  13,6
91  07-01-2025 17:00 0,20  3,7  4,4 71,2  15,1
92  07-01-2025 16:00 0,20  4,4  4,6 70,5  15,9
93  07-01-2025 15:00 0,20  4,5  5,0 70,4  21,1
94  07-01-2025 14:00 0,20  3,4  4,1 71,8   6,1
95  07-01-2025 13:00 0,21  3,1  3,4 72,8  13,8
96  07-01-2025 12:00 0,20  3,4  4,1 73,4  12,9
97  07-01-2025 11:00 0,18  1,4  2,0 83,5  10,2
98  07-01-2025 10:00 0,20  2,9  3,5 74,4   3,3
99  07-01-2025 09:00 0,20  2,5  3,1 75,9   7,8
100 07-01-2025 08:00 0,21  3,7  4,3 71,5   4,5
101 07-01-2025 07:00 0,19  4,4  5,0 70,8   9,4
102 07-01-2025 06:00 0,20  3,6  4,1 72,9   3,2
103 07-01-2025 05:00 0,18  2,9  3,5 74,2   5,1
104 07-01-2025 04:00 0,19  2,9  2,9 74,5  12,7
105 07-01-2025 03:00 0,14  1,9  5,5 74,0   1,6
106 07-01-2025 02:00 0,14  2,1  5,1 72,5   8,4
107 07-01-2025 01:00 0,16  2,0  5,5 72,0   2,2
108 07-01-2025 00:00 0,14  2,4  5,5 72,4   6,4
109 06-01-2025 23:00 0,16  2,4  5,6 68,5   7,2
110 06-01-2025 22:00 0,17  2,7  5,7 63,6   6,9
111 06-01-2025 21:00 0,19  3,3  6,6 56,1  13,4
112 06-01-2025 20:00 0,18  4,7  7,9 63,3  19,9
113 06-01-2025 19:00 0,20 10,0 13,5 56,4  17,1
114 06-01-2025 18:00 0,19  8,6 12,1 58,1  11,5
115 06-01-2025 17:00 0,20  5,1  8,6 62,8  14,8
116 06-01-2025 16:00 0,19  5,9  9,1 56,2  19,3
117 06-01-2025 15:00 0,20  6,4  9,7 52,3  17,4
118 06-01-2025 14:00 0,21  6,5  9,7 51,5  20,4
119 06-01-2025 13:00 0,19  7,0 10,8 50,4  13,9
120 06-01-2025 12:00 0,20  9,6 13,6 43,8      
121 06-01-2025 11:00 0,22 10,4 12,5 37,7      
122 06-01-2025 11:08                       1,5
123 06-01-2025 10:00 0,26 10,8 10,5 37,6   2,8
124 06-01-2025 09:00 0,28           38,8   3,5
125 06-01-2025 08:00 0,27 11,5 12,4 40,9   3,4
126 06-01-2025 07:00 0,28 11,4 12,4 42,9   4,0
127 06-01-2025 06:00 0,27  9,6 10,2 47,4   3,9
128 06-01-2025 05:00 0,26  8,0 10,2 50,5   3,7
129 06-01-2025 04:00 0,23  5,4  4,7 60,3   2,1
130 06-01-2025 03:00 0,19  3,5  1,5 73,6   1,8
131 06-01-2025 02:00 0,17  2,9 0,70 78,4   1,9
132 06-01-2025 01:00 0,16  2,7  1,9 75,2   2,9
133 06-01-2025 00:00 0,14  2,4  2,0 79,6  0,50
134 05-01-2025 23:00 0,14  2,1  1,5 81,6   1,7
135 05-01-2025 22:00 0,13  1,9  1,5 82,2   1,0
136 05-01-2025 21:00 0,14  2,0  2,2 77,2      
137 05-01-2025 20:00 0,14  5,4  5,0 69,3      
138 05-01-2025 19:00 0,14  3,6  3,7 69,7      
139 05-01-2025 18:00 0,14  3,7  3,6 70,3      
140 05-01-2025 17:00 0,14  4,2  4,4 67,3      
141 05-01-2025 16:00 0,14  4,2  4,8 64,9      
142 05-01-2025 15:00 0,14  4,1  4,1 65,1      
143 05-01-2025 14:00 0,14  5,2  5,9 60,4      
144 05-01-2025 13:00 0,15 10,2 11,2 54,3      
145 05-01-2025 12:00 0,14 10,0 11,0 51,9      
146 05-01-2025 11:00 0,13  8,0  9,2 52,3      
147 05-01-2025 10:00 0,14  7,2  8,3 51,0      
148 05-01-2025 09:00 0,14  6,4  7,2 49,3      
149 05-01-2025 08:00 0,13  4,6  5,5 52,8      
150 05-01-2025 07:00 0,12  2,9  3,1 62,5      
151 05-01-2025 06:00 0,13  3,6  4,0 65,1      
152 05-01-2025 05:00 0,13  3,3  3,8 64,4      
153 05-01-2025 04:00 0,13  2,9  3,9 62,7      
154 05-01-2025 03:00 0,12  3,3  3,5 64,5      
155 05-01-2025 02:00 0,14  3,5  2,9 70,1      
156 05-01-2025 01:00 0,14  2,8  2,0 71,6      
157 05-01-2025 00:00 0,14  2,8  2,2 71,0      
158 04-01-2025 23:00 0,15  2,6  2,1 72,3      
159 04-01-2025 22:00 0,14  3,5  3,0 72,1      
160 04-01-2025 21:00 0,14  3,4  2,8 69,1      
161 04-01-2025 20:00 0,14  3,2  2,6 71,1      
162 04-01-2025 19:00 0,13  3,0  2,4 74,4      
163 04-01-2025 18:00 0,14  3,5  3,3 72,9      
164 04-01-2025 17:00 0,15  4,9  4,7 70,6      
165 04-01-2025 16:00 0,14  4,7  4,1 71,1      
166 04-01-2025 15:00 0,14  3,5  3,7 71,7      
167 04-01-2025 14:00 0,15  3,8  4,1 70,9      
168 04-01-2025 13:00 0,14  3,9  4,4 69,0      
169 04-01-2025 12:00 0,16  4,5  5,0 66,2      
170 04-01-2025 11:00 0,16  4,9  5,0 61,1      
171 04-01-2025 10:00 0,18  6,1  6,5 57,0      
172 04-01-2025 09:00 0,17  6,5  6,8 55,9      
173 04-01-2025 08:00 0,15  5,2  4,6 58,1      
174 04-01-2025 07:00 0,16  3,9  3,8 61,9      
175 04-01-2025 06:00 0,14  2,2  1,9 66,1      
176 04-01-2025 05:00 0,15  3,0  3,3 64,0      
177 04-01-2025 04:00 0,16  3,3  4,2 62,5      
178 04-01-2025 03:00 0,15  3,3  4,1 60,1      
179 04-01-2025 02:00 0,15  2,3  3,4 73,0      
180 04-01-2025 01:00 0,15  2,2  3,1 73,3      
181 04-01-2025 00:00 0,15  1,8  2,6 74,9      
182 03-01-2025 23:00 0,16  1,6  1,9 75,1      
183 03-01-2025 22:00 0,14  1,4  2,2 73,6      
184 03-01-2025 21:00 0,14  1,3  2,1 74,6      
185 03-01-2025 20:00 0,14  1,4  2,6 74,3      
186 03-01-2025 19:00 0,16  1,6  2,7 72,0      
187 03-01-2025 18:00 0,16  1,7  2,0 72,6      
188 03-01-2025 17:00 0,15  1,5  2,2 72,2      
189 03-01-2025 16:00 0,15  2,0  3,2 72,5      
190 03-01-2025 15:00 0,16  1,9  2,7 74,5      
191 03-01-2025 14:00 0,16  1,8  3,3 80,5      
192 03-01-2025 13:00 0,14  1,5  2,5 80,6      
193 03-01-2025 12:00 0,13  1,5  2,8 82,7      
194 03-01-2025 11:00 0,13  1,5  2,4 83,8      
195 03-01-2025 10:00 0,16  1,4  2,4 83,4      
196 03-01-2025 09:00 0,14  2,5  3,4 79,7      
197 03-01-2025 08:00 0,14  1,9  2,9 80,5      
198 03-01-2025 07:00 0,15  2,3  3,1 77,7      
199 03-01-2025 06:00 0,14  3,1  3,6 74,5      
200 03-01-2025 05:00 0,15  3,0  3,8 72,0      
201 03-01-2025 04:00 0,14  2,4  2,8 70,6      
202 03-01-2025 03:00 0,12  1,2  1,3 70,6      
203 03-01-2025 02:00 0,14  1,3  1,3 70,5      
204 03-01-2025 01:00 0,11 0,67 0,52 77,3      
205 03-01-2025 00:00 0,13 0,63 0,73 78,4      
206 02-01-2025 23:00 0,10 0,76 0,59 79,1      
207 02-01-2025 22:00 0,13 0,82 0,88 80,4      
208 02-01-2025 21:00 0,11 0,41 0,66 80,9      
209 02-01-2025 20:00 0,12 0,66 0,59 80,8      
210 02-01-2025 19:00 0,12  1,6  1,9 74,8      
211 02-01-2025 18:00 0,15  3,7  3,6 66,5      
212 02-01-2025 17:00 0,14  4,0  4,1 66,7      
213 02-01-2025 16:00 0,14  3,4  3,5 67,0      
214 02-01-2025 15:00 0,13  2,3  2,4 73,1      
215 02-01-2025 14:00 0,14  1,0  1,1 76,6      
216 02-01-2025 13:00 0,11  1,4  1,9 79,1      
217 02-01-2025 12:00 0,11 0,98  1,3 79,0      
218 02-01-2025 11:00 0,13 0,64 0,80 76,9      
219 02-01-2025 10:00 0,11 0,87 0,95 76,4   2,2
220 02-01-2025 09:00 0,14  1,0  1,3 77,9   4,0
221 02-01-2025 08:00 0,14  1,5  1,3 75,7   3,3
222 02-01-2025 07:00 0,14 0,94  1,0 75,2   3,5
223 02-01-2025 06:00 0,13 0,85  1,1 76,0   1,9
224 02-01-2025 05:00 0,12 0,67 0,67 73,0   4,6
225 02-01-2025 04:00 0,13 0,69 0,46 71,4   3,4
226 02-01-2025 03:00 0,12  1,7 0,96 70,9   4,5
227 02-01-2025 02:00 0,12  2,4  1,3 69,0   2,7
228 02-01-2025 01:00 0,11  1,7 0,14 70,3   5,3
229 02-01-2025 00:00 0,12  1,8 0,40 71,3   3,3
230 01-01-2025 23:00 0,11  1,6 0,52 80,9   6,0
231 01-01-2025 22:00 0,13  1,4 0,27 78,0   6,4
232 01-01-2025 21:00 0,11  2,1 0,97 81,8   5,7
233 01-01-2025 20:00 0,12  1,7 0,59 85,6   4,4
234 01-01-2025 19:00 0,13  1,9 0,85 85,2   3,4
235 01-01-2025 18:00 0,12  1,7 0,57 87,8   4,3
236 01-01-2025 17:00 0,13  1,8 0,37 85,7  10,4
237 01-01-2025 16:00 0,16  2,9  1,7 70,8   3,4
238 01-01-2025 15:00 0,14  2,7  1,3 69,1  0,70
239 01-01-2025 14:00 0,14  2,7  1,5 71,6      
240 01-01-2025 13:00 0,14  2,5  1,4 71,6      
241 01-01-2025 12:00 0,15  3,1  1,5 69,4      
242 01-01-2025 11:00 0,14  3,0  1,2 69,8      
243 01-01-2025 10:00 0,13  2,6  1,3 70,4 208,0
244 01-01-2025 09:00 0,14  2,8  1,4 68,8   8,6
245 01-01-2025 08:00 0,15  3,3  1,9 64,7  12,6
246 01-01-2025 07:00 0,15  3,6  2,1 61,0  12,0
247 01-01-2025 06:00 0,15  3,9  2,4 59,6   9,8
248 01-01-2025 05:00 0,19  3,5  3,5 56,0   8,9
249 01-01-2025 04:00 0,21  3,4  4,2 52,9   7,1
250 01-01-2025 03:00 0,22  3,6  4,1 50,9   5,7
251 01-01-2025 02:00 0,22  3,7  4,1 49,8   8,5
252 01-01-2025 01:00 0,21  3,9  4,6 49,0  11,9
253 01-01-2025 00:00 0,22  4,4  4,9 47,0  10,2
254 31-12-2024 23:00 0,22  4,4  4,9 45,3   6,9
255 31-12-2024 22:00 0,21  4,6  5,1 44,2   4,0
256 31-12-2024 21:00 0,21  4,0  4,7 45,5   5,0
257 31-12-2024 20:00 0,21  4,5  5,0 44,0   2,7
258 31-12-2024 19:00 0,20  4,5  4,8 42,3   2,7
259 31-12-2024 18:00 0,20  4,1  4,3 42,7   3,4
260 31-12-2024 17:00 0,19  4,3  4,7 43,4   1,6
261 31-12-2024 16:00 0,19  3,9  4,1 49,9   3,8
262 31-12-2024 15:00 0,16  2,9  3,2 57,1   6,7
263 31-12-2024 14:00 0,14  1,6  2,2 67,6   6,1
264 31-12-2024 13:00 0,13  1,3  2,0 70,7   6,4
265 31-12-2024 12:00 0,14  1,3  1,7 69,7   3,6
266 31-12-2024 11:00 0,14  1,0  1,4 70,0   4,1
267 31-12-2024 10:00 0,14  2,1  2,7 61,6   3,4
268 31-12-2024 09:00 0,14  2,5  3,0 59,0   5,7
269 31-12-2024 08:00 0,15  1,7  2,2 65,5   3,6
270 31-12-2024 07:00 0,14 0,38  1,0 76,1   2,0
271 31-12-2024 06:00 0,14 0,24 0,60 79,6   2,9
272 31-12-2024 05:00 0,14 0,27 0,73 82,2   4,6
273 31-12-2024 04:00 0,13  1,1  1,5 76,6   2,4
274 31-12-2024 03:00 0,13  1,1  2,1 74,0   7,2
275 31-12-2024 02:00 0,14  1,0  1,9 75,8  14,1
276 31-12-2024 01:00 0,13 0,98  1,9 72,0  11,6
277 31-12-2024 00:00 0,14  1,2  2,0 70,6   7,9
278 30-12-2024 23:00 0,14  1,3  2,3 71,2   9,8
279 30-12-2024 22:00 0,13  1,4  2,3 72,2   7,7
280 30-12-2024 21:00 0,14  1,4  2,2 73,4   9,5
281 30-12-2024 20:00 0,14  1,3  2,1 74,1   7,0
282 30-12-2024 19:00 0,14 0,63  1,6 74,2   7,6
283 30-12-2024 18:00 0,13 0,57  1,6 75,2  10,4
284 30-12-2024 17:00 0,14 0,93  1,6 74,5   6,4
285 30-12-2024 16:00 0,14  1,2  2,2 74,8   9,1
286 30-12-2024 15:00 0,14  1,2  2,4 74,4  11,9
287 30-12-2024 14:00 0,15  1,2  2,4 73,7  14,2
288 30-12-2024 13:00 0,14  1,9  3,0 72,1   8,7
289 30-12-2024 12:00 0,14  1,3  2,3 72,8   8,8
290 30-12-2024 11:00 0,14  1,7  2,5 72,9   5,7
291 30-12-2024 10:00 0,13  1,4  2,5 72,2   5,6
292 30-12-2024 09:00 0,14  1,3  2,2 73,2  10,0
293 30-12-2024 08:00 0,14  1,4  2,4 73,2  11,9
294 30-12-2024 07:00 0,14  1,3  2,4 73,1  12,7
295 30-12-2024 06:00 0,14  1,4  2,3 73,7  12,0
296 30-12-2024 05:00 0,14  1,2  2,2 74,3  12,0
297 30-12-2024 04:00 0,14 0,63  1,6 74,4  13,0
298 30-12-2024 03:00 0,14 0,75  1,3 77,2  12,2
299 30-12-2024 02:00 0,14 0,60 0,76 75,1  12,3
300 30-12-2024 01:00 0,14  1,4  1,3 72,4  11,4
301 30-12-2024 00:00 0,14 0,79 0,40 72,6   9,2
302 29-12-2024 23:00 0,14  1,1  1,4 70,6   6,1
303 29-12-2024 22:00 0,14  1,2 0,82 69,9   7,6
304 29-12-2024 21:00 0,14  1,2 0,88 70,4  11,0
305 29-12-2024 20:00 0,13  1,7  2,1 66,4  10,0
306 29-12-2024 19:00 0,14  1,6  1,5 70,1  10,6
307 29-12-2024 18:00 0,16  4,5  4,7 57,7   8,7
308 29-12-2024 17:00 0,18  7,0  6,9 48,3   9,6
309 29-12-2024 16:00 0,17  7,4  7,7 46,9   6,3
310 29-12-2024 15:00 0,16  6,5  6,8 49,5   6,3
311 29-12-2024 14:00 0,14  2,5  2,4 59,4   5,6
312 29-12-2024 13:00 0,14  1,7  1,7 61,4   3,7
313 29-12-2024 12:00 0,13  1,9  2,7 56,0   3,1
314 29-12-2024 11:00 0,17  4,9  5,7 43,8   2,7
315 29-12-2024 10:00 0,17  4,3  4,5 43,2   7,3
316 29-12-2024 09:00 0,22  9,3  9,6 33,2   5,7
317 29-12-2024 08:00 0,25 13,8 14,3 24,7   6,2
318 29-12-2024 07:00 0,24 14,9 14,7 23,6   6,4
319 29-12-2024 06:00 0,24 15,4 15,6 21,9   6,7
320 29-12-2024 05:00 0,25 14,2 14,5 22,5   5,1
321 29-12-2024 04:00 0,27 16,1 16,1 19,7   4,9
322 29-12-2024 03:00 0,28 17,4 17,1 17,0   9,6
323 29-12-2024 02:00 0,28 14,1 14,4 19,8   6,4
324 29-12-2024 01:00 0,27 10,4 10,6 24,2   5,2
325 29-12-2024 00:00 0,27  8,9  9,2 26,8   2,4
326 28-12-2024 23:00 0,24  8,8  9,1 29,6   7,9
327 28-12-2024 22:00 0,24  9,9 10,1 28,9   2,5
328 28-12-2024 21:00 0,25  9,7 10,0 28,5   5,3
329 28-12-2024 20:00 0,21  8,2  8,5 30,1   4,3
330 28-12-2024 19:00 0,19  7,0  7,1 25,0   4,0
331 28-12-2024 18:00 0,20  5,3  5,6 23,3   2,5
332 28-12-2024 17:00 0,20  5,2  5,4 25,1   3,2
333 28-12-2024 16:00 0,22  7,8  7,9 24,5   3,9
334 28-12-2024 15:00 0,21  8,1  8,5 24,8   1,5
335 28-12-2024 14:00 0,22  6,6  7,3 25,7   2,8
336 28-12-2024 13:00 0,24  5,8  6,6 25,1   1,8
337 28-12-2024 12:00 0,23  5,7  6,6 25,4   1,3
338 28-12-2024 11:00 0,24  7,0  8,0 24,8   1,9
339 28-12-2024 10:00 0,24  4,9  5,6 26,0   3,2
340 28-12-2024 09:00 0,23  4,6  4,9 26,9   2,9
341 28-12-2024 08:00 0,24  4,9  5,3 27,0   3,5
342 28-12-2024 07:00 0,21  3,7  4,1 29,5   3,3
343 28-12-2024 06:00 0,19  3,3  3,8 34,0   4,6
344 28-12-2024 05:00 0,17  2,6  2,9 36,6   2,9
345 28-12-2024 04:00 0,20  2,8  3,4 36,3   2,9
346 28-12-2024 03:00 0,21  3,3  4,1 35,5   3,5
347 28-12-2024 02:00 0,21  2,6  3,2 34,8   3,2
348 28-12-2024 01:00 0,20  2,6  3,3 39,3   3,2
349 28-12-2024 00:00 0,19  2,2  2,9 41,7   2,5
350 27-12-2024 23:00 0,21  2,1  3,0 41,9   2,7
351 27-12-2024 22:00 0,20  2,5  3,2 42,0   3,1
352 27-12-2024 21:00 0,22  3,3  3,8 39,0   3,8
353 27-12-2024 20:00 0,21  2,9  3,4 39,6   3,2
354 27-12-2024 19:00 0,22  2,9  3,4 39,6   4,2
355 27-12-2024 18:00 0,21  3,9  4,6 37,1   5,3
356 27-12-2024 17:00 0,21  4,1  5,1 37,6   3,0
357 27-12-2024 16:00 0,20  2,6  3,6 42,0   3,9
358 27-12-2024 15:00 0,21  2,6  3,8 43,5   3,3
359 27-12-2024 14:00 0,21  3,0  3,8 44,0   1,9
360 27-12-2024 13:00 0,20  3,6  4,5 43,8   2,6
361 27-12-2024 12:00 0,20  3,5  4,7 45,7   3,1
362 27-12-2024 11:00 0,18  2,2  3,3 46,4   2,9
363 27-12-2024 10:00 0,17  2,0  2,9 45,2   3,4
364 27-12-2024 09:00 0,17  2,1  3,1 44,9   2,3
365 27-12-2024 08:00 0,16  2,3  3,7 41,0   2,7
366 27-12-2024 07:00 0,15  1,3  1,7 44,5   3,5
367 27-12-2024 06:00 0,17  1,4  1,8 45,2   2,5
368 27-12-2024 05:00 0,17  1,5  2,6 43,7   3,3
369 27-12-2024 04:00 0,16  1,6  2,8 44,7   3,0
370 27-12-2024 03:00 0,16  1,9  2,0 42,0   2,6
371 27-12-2024 02:00 0,13  1,9  1,6 42,8   3,6
372 27-12-2024 01:00 0,14  2,0  1,3 43,3   4,2
373 27-12-2024 00:00 0,14  2,0  1,6 44,4   3,5
374 26-12-2024 23:00 0,14  2,5  2,1 45,6   2,7
375 26-12-2024 22:00 0,13  2,6  1,9 47,1   3,5
376 26-12-2024 21:00 0,14  2,8  2,1 46,1   3,9
377 26-12-2024 20:00 0,14  2,7  2,1 45,5   4,9
378 26-12-2024 19:00 0,13  2,2  1,9 47,3   4,8
379 26-12-2024 18:00 0,13  2,1  1,9 50,0   4,3
380 26-12-2024 17:00 0,11  1,8  1,6 54,6   4,8
381 26-12-2024 16:00 0,13  2,0  1,5 55,1   2,9
382 26-12-2024 15:00 0,13  2,7  2,7 52,6   3,7
383 26-12-2024 14:00 0,12  2,6  2,2 51,2   2,8
384 26-12-2024 13:00 0,13  2,2  1,6 47,2   3,7
385 26-12-2024 12:00 0,13  1,9  1,3 50,4   3,4
386 26-12-2024 11:00 0,13  2,3  1,8 55,5   3,9
387 26-12-2024 10:00 0,12  2,4  2,2 51,9   4,1
388 26-12-2024 09:00 0,12  2,4  2,3 48,4   4,7
389 26-12-2024 08:00 0,13  1,8  1,5 49,0   5,0
390 26-12-2024 07:00 0,12  1,7 0,86 49,4   3,9
391 26-12-2024 06:00 0,13  1,7  1,3 50,7   4,1
392 26-12-2024 05:00 0,14  1,5  1,2 52,0   2,9
393 26-12-2024 04:00 0,14  1,7  1,3 49,6   2,2
394 26-12-2024 03:00 0,14  2,2  2,0 47,8   3,2
395 26-12-2024 02:00 0,16  3,2  2,6 45,2   3,2
396 26-12-2024 01:00 0,15  4,2  3,7 41,2   4,7
397 26-12-2024 00:00 0,17  5,2  4,6 41,7   4,1
398 25-12-2024 23:00 0,16  4,2  3,3 48,9   3,4
399 25-12-2024 22:00 0,16  4,0  3,9 49,7   4,5
400 25-12-2024 21:00 0,19  5,9  5,6 42,0   4,8
401 25-12-2024 20:00 0,20  9,7  9,6 28,1   6,3
402 25-12-2024 19:00 0,22 12,3 12,1 19,0   5,3
403 25-12-2024 18:00 0,23 11,3 10,4 19,5   4,8
404 25-12-2024 17:00 0,23  9,5  9,2 22,0   6,2
405 25-12-2024 16:00 0,22  9,6  9,4 21,0   6,5
406 25-12-2024 15:00 0,22  8,8  8,7 22,6   4,9
407 25-12-2024 14:00 0,23  8,1  8,1 25,8   6,2
408 25-12-2024 13:00 0,23  6,9  6,7 26,5   4,9
409 25-12-2024 12:00 0,24  6,9  7,7 25,8   6,2
410 25-12-2024 11:00 0,23  7,7  8,2 25,4   4,6
411 25-12-2024 10:00 0,23  6,9  6,8 28,1   4,8
412 25-12-2024 09:00 0,25  6,3  6,2 29,1   4,9
413 25-12-2024 08:00 0,26  7,1  6,7 29,7   6,0
414 25-12-2024 07:00 0,26  7,5  7,2 31,0   6,1
415 25-12-2024 06:00 0,24  7,1  6,9 33,7   6,4
416 25-12-2024 05:00 0,23  7,2  7,1 35,3   8,3
417 25-12-2024 04:00 0,20  6,7  6,2 40,2   7,6
418 25-12-2024 03:00 0,17  6,2  6,2 42,8   5,9
419 25-12-2024 02:00 0,16  5,6  5,4 45,1   8,9
420 25-12-2024 01:00 0,16  5,8  5,7 48,5   9,6
421 25-12-2024 00:00 0,17  6,4  6,4 50,7  12,1
422 24-12-2024 23:00 0,15  6,4  6,0 53,9  11,9
423 24-12-2024 22:00 0,15  7,8  7,3 51,2  12,9
424 24-12-2024 21:00 0,14  8,3  8,0 49,3  13,7
425 24-12-2024 20:00 0,16  7,4  7,0 50,1  12,9
426 24-12-2024 19:00 0,14  7,8  7,3 46,2  11,8
427 24-12-2024 18:00 0,14  7,6  7,0 46,3  10,8
428 24-12-2024 17:00 0,15  9,0  8,5 41,2   9,9
429 24-12-2024 16:00 0,16  8,2  7,8 39,0   8,2
430 24-12-2024 15:00 0,16  7,4  7,4 41,0   8,5
431 24-12-2024 14:00 0,16  5,4  5,4 43,2   7,8
432 24-12-2024 13:00 0,14  3,4  3,3 46,2   7,4
433 24-12-2024 12:00 0,14  3,1  3,0 46,1   7,5
434 24-12-2024 11:00 0,13  2,2  1,8 46,1   8,5
435 24-12-2024 10:00 0,14  2,3  1,6 48,5   6,6
436 24-12-2024 09:00 0,13  2,7  2,1 45,9   5,1
437 24-12-2024 08:00 0,14  2,5  2,0 47,8   6,8
438 24-12-2024 07:00 0,11  1,7  1,1 51,9   4,8
439 24-12-2024 06:00 0,13  1,7 0,98 47,8   7,7
440 24-12-2024 05:00 0,14  2,1  1,5 47,4   7,5
441 24-12-2024 04:00 0,16  3,2  2,3 44,5   9,2
442 24-12-2024 03:00 0,18  3,9  3,6 41,6  10,7
443 24-12-2024 02:00 0,20  5,3  5,0 35,1   9,5
444 24-12-2024 01:00 0,21  4,8  4,2 33,5  12,8
445 24-12-2024 00:00 0,22  5,8  5,5 37,1  14,9
446 23-12-2024 23:00 0,21  6,5  6,0 37,1   6,3
447 23-12-2024 22:00 0,23  7,6  7,6 40,0  11,2
448 23-12-2024 21:00 0,25  6,5  6,2 42,1   9,9
449 23-12-2024 20:00 0,21  6,1  5,9 45,3   5,1
450 23-12-2024 19:00 0,20  5,5  5,2 48,4   8,0
451 23-12-2024 18:00 0,17  3,0  2,5 57,2   8,6
452 23-12-2024 17:00 0,14  2,0  1,8 59,2   5,7
453 23-12-2024 16:00 0,16  3,5  3,3 60,0   3,5
454 23-12-2024 15:00 0,17  5,3  5,1 54,5   6,1
455 23-12-2024 14:00 0,16  5,1  5,0 55,7   3,9
456 23-12-2024 13:00 0,17  5,1  4,9 54,1   5,5
457 23-12-2024 12:00 0,16  4,8  4,3 55,0   5,8
458 23-12-2024 11:00 0,17  5,9  6,0 52,6   3,0
459 23-12-2024 10:00 0,16  6,7  6,5 54,7   4,6
460 23-12-2024 09:00 0,15  4,1  3,7 58,5   6,5
461 23-12-2024 08:00 0,14  4,7  4,4 59,2   7,3
462 23-12-2024 07:00 0,15  7,1  6,8 59,0   6,9
463 23-12-2024 06:00 0,15  3,9  3,1 64,2   5,8
464 23-12-2024 05:00 0,15  2,4  2,0 69,9   7,8
465 23-12-2024 04:00 0,14  3,1  3,5 69,1  14,0
466 23-12-2024 03:00 0,13  2,0  2,0 72,1  15,8
467 23-12-2024 02:00 0,13  2,2  2,4 66,8  10,8
468 23-12-2024 01:00 0,13  2,9  3,1 67,3  10,3
469 23-12-2024 00:00 0,14  2,1  2,6 67,6   7,1
470 22-12-2024 23:00 0,13  1,9  2,4 65,0   6,1
471 22-12-2024 22:00 0,14  3,1  3,2 62,4   8,4
472 22-12-2024 21:00 0,14  1,6  2,1 64,9   7,7
473 22-12-2024 20:00 0,13  2,2  2,7 62,3   7,2
474 22-12-2024 19:00 0,14  3,1  3,3 61,1   9,1
475 22-12-2024 18:00 0,13  2,3  2,9 65,4   9,4
476 22-12-2024 17:00 0,13  1,8  2,3 69,4  10,2
477 22-12-2024 16:00 0,14  1,8  2,0 71,6   9,1
478 22-12-2024 15:00 0,14  2,1  2,2 71,3   9,4
479 22-12-2024 14:00 0,13  1,9  2,5 73,5   7,5
480 22-12-2024 13:00 0,14  1,6  2,3 76,8  10,9
481 22-12-2024 12:00 0,13  1,0  1,8 79,7   9,9
482 22-12-2024 11:00 0,12  1,1  1,8 78,7  11,8
483 22-12-2024 10:00 0,13  1,3  1,9 77,5  14,3
484 22-12-2024 09:00 0,12  1,6  1,9 74,4  16,3
485 22-12-2024 08:00 0,13  1,4  1,2 69,7  16,4
486 22-12-2024 07:00 0,14  2,2  2,3 65,4  17,2
487 22-12-2024 06:00 0,14 0,94 0,85 69,5  10,8
488 22-12-2024 05:00 0,14  1,8  2,2 63,1  16,9
489 22-12-2024 04:00 0,15  1,3  1,6 69,3  13,8
490 22-12-2024 03:00 0,17  1,3  1,4 68,9   8,9
491 22-12-2024 02:00 0,17  1,9  2,1 64,0  13,0
492 22-12-2024 01:00 0,17  2,1  2,5 63,1  12,1
493 22-12-2024 00:00 0,17  2,6  2,7 61,2  11,6
494 21-12-2024 23:00 0,17  3,3  3,3 60,4   7,7
495 21-12-2024 22:00 0,19  4,7  5,0 53,5   1,6
496 21-12-2024 21:00 0,20  4,8  5,4 53,1   3,1
497 21-12-2024 20:00 0,19  5,0  5,5 53,6   2,1
498 21-12-2024 19:00 0,17  4,1  4,6 56,6   1,1
499 21-12-2024 18:00 0,17  4,2  4,4 57,9   4,2
500 21-12-2024 17:00 0,16  3,5  3,6 58,9   7,7
501 21-12-2024 16:00 0,17  3,1  3,9 58,7  13,2
502 21-12-2024 15:00 0,16  2,7  3,3 59,0  10,4
503 21-12-2024 14:00 0,14  2,7  2,7 58,6  10,8
504 21-12-2024 13:00 0,16  2,3  2,9 63,2  10,6
505 21-12-2024 12:00 0,16  2,5  3,2 63,4  11,9
506 21-12-2024 11:00 0,14  2,9  3,3 60,9  12,5
507 21-12-2024 10:00 0,16  3,2  3,5 57,1   8,4
508 21-12-2024 09:00 0,17  3,8  4,3 53,9   7,1
509 21-12-2024 08:00 0,17  4,1  4,4 52,6   5,2
510 21-12-2024 07:00 0,18  4,9  5,5 52,1   2,9
511 21-12-2024 06:00 0,18  5,7  6,3 51,7   2,3
512 21-12-2024 05:00 0,16  6,4  7,1 50,3   6,0
513 21-12-2024 04:00 0,16  5,9  6,8 51,3  10,1
514 21-12-2024 03:00 0,14  5,8  6,2 55,2  12,4
515 21-12-2024 02:00 0,13  4,7  4,5 60,5  13,7
516 21-12-2024 01:00 0,12  3,7  3,5 63,9   6,2
517 21-12-2024 00:00 0,10  2,8  2,5 69,4  12,4
518 20-12-2024 23:00 0,11  2,4  2,1 71,4  12,3
519 20-12-2024 22:00 0,11  3,0  2,5 69,9  13,4
520 20-12-2024 21:00 0,12  3,1  3,2 68,9  19,1
521 20-12-2024 20:00 0,10  3,2  3,0 67,4  14,7
522 20-12-2024 19:00 0,13  3,5  3,2 67,3  17,9
523 20-12-2024 18:00 0,12  3,9  3,7 66,5  16,4
524 20-12-2024 17:00 0,09  2,9  2,8 70,4  19,8
525 20-12-2024 16:00 0,10  2,7  2,1 71,3  19,3
526 20-12-2024 15:00 0,09  2,1  2,0 74,4  17,3
527 20-12-2024 14:00 0,11  2,4  2,4 75,2  15,6
528 20-12-2024 13:00 0,10  2,3  2,4 77,1  18,9
529 20-12-2024 12:00 0,09  2,1  2,1 78,6  19,6
530 20-12-2024 11:00 0,10  2,1  2,1 79,2  24,4
531 20-12-2024 10:00 0,09  3,1  3,4 78,0  24,3
532 20-12-2024 09:00 0,09  1,9  1,8 80,3  20,5
533 20-12-2024 08:00 0,09  1,2  1,2 80,4  25,2
534 20-12-2024 07:00 0,09  1,9  1,8 78,9   7,8
535 20-12-2024 06:00 0,08  1,4  1,5 79,6  18,8
536 20-12-2024 05:00 0,13  1,2  1,2 79,9  19,7
537 20-12-2024 04:00 0,16 0,10  1,1 80,6  24,3
538 20-12-2024 03:00 0,15 0,25 0,64 79,9  27,9
539 20-12-2024 02:00 0,17 0,05 0,82 79,8  24,9
540 20-12-2024 01:00 0,16      0,24 81,6  28,9
541 20-12-2024 00:00 0,16 0,20 0,87 78,4  20,1
542 19-12-2024 23:00 0,16 0,12  1,4 77,3  10,8
543 19-12-2024 22:00 0,16 0,38  1,4 77,9   7,9
544 19-12-2024 21:00 0,17  1,1  2,1 77,0   7,8
545 19-12-2024 20:00 0,18  1,8  2,2 75,8  10,9
546 19-12-2024 19:00 0,18  1,6  2,7 74,6  12,2
547 19-12-2024 18:00 0,17  1,9  2,9 73,6  11,1
548 19-12-2024 17:00 0,18  2,1  2,9 72,7  10,7
549 19-12-2024 16:00 0,18  2,8  3,7 72,3   8,3
550 19-12-2024 15:00 0,18  1,2  1,9 79,0   7,9
551 19-12-2024 14:00 0,17 0,43  1,4 82,8   5,1
552 19-12-2024 13:00 0,17 0,01 0,66 83,8   6,0
553 19-12-2024 12:00 0,19 0,42  2,5 80,5   5,2
554 19-12-2024 11:00 0,22  1,8  2,9 68,7  0,30
555 19-12-2024 10:00 0,22  2,5  3,2 61,0   2,9
556 19-12-2024 09:00 0,22  2,4  3,6 59,8   2,4
557 19-12-2024 08:00 0,23  2,8  3,6 58,9   2,3
558 19-12-2024 07:00 0,22  6,2  7,3 53,0   2,2
559 19-12-2024 06:00 0,21  8,0  9,0 47,8   1,5
560 19-12-2024 05:00 0,19  4,7  5,2 51,0   6,5
561 19-12-2024 04:00 0,19  2,8  3,9 58,3  15,2
562 19-12-2024 03:00 0,18  2,8  3,4 61,7  15,8
563 19-12-2024 02:00 0,17  1,8  2,2 67,7  16,6
564 19-12-2024 01:00 0,18  1,3  2,0 70,5  19,2
565 19-12-2024 00:00 0,18 0,98  1,6 72,7  19,8
566 18-12-2024 23:00 0,18  1,4  2,0 71,3  19,7
567 18-12-2024 22:00 0,19  1,3  1,8 69,5  15,6
568 18-12-2024 21:00 0,20  1,5  1,9 68,5   8,6
569 18-12-2024 20:00 0,20  2,5  2,8 67,6   4,9
570 18-12-2024 19:00 0,20  4,9  5,6 58,0   3,2
571 18-12-2024 18:00 0,21  5,8  6,6 53,2   2,5
572 18-12-2024 17:00 0,23  5,9  6,9 51,4   2,5
573 18-12-2024 16:00 0,22  7,5  8,3 46,6   2,8
574 18-12-2024 15:00 0,23  8,7  9,8 43,1   4,5
575 18-12-2024 14:00 0,23  9,4 10,3 41,0   6,5
576 18-12-2024 13:00 0,23  8,6  9,6 41,7   4,8
577 18-12-2024 12:00 0,22  7,8  8,6 42,7   4,6
578 18-12-2024 11:00 0,21  7,4  8,5 43,1   3,6
579 18-12-2024 10:00 0,22  7,0  8,1 42,2   4,3
580 18-12-2024 09:00 0,21  6,0  6,9 43,0   4,2
581 18-12-2024 08:00 0,20  5,5  6,2 46,2   7,7
582 18-12-2024 07:00 0,21  5,6  6,7 49,7   8,2
583 18-12-2024 06:00 0,21  5,5  6,2 51,3   5,3
584 18-12-2024 05:00 0,20  4,6  5,3 52,2   5,1
585 18-12-2024 04:00 0,19  4,2  5,3 52,6   7,3
586 18-12-2024 03:00 0,19  4,7  4,8 52,0   8,7
587 18-12-2024 02:00 0,17  3,6  3,7 54,2  13,0
588 18-12-2024 01:00 0,18  3,2  3,2 56,9  12,3
589 18-12-2024 00:00 0,19  2,3  1,9 58,5  12,8
590 17-12-2024 23:00 0,18  2,3  2,2 62,0  14,0
591 17-12-2024 22:00 0,18  3,2  3,1 61,4  17,2
592 17-12-2024 21:00 0,17  2,1  1,7 64,2  16,8
593 17-12-2024 20:00 0,17  2,0  2,0 64,9  13,5
594 17-12-2024 19:00 0,17  3,4  3,1 58,7   9,0
595 17-12-2024 18:00 0,15  2,3  2,5 69,8   2,0
596 17-12-2024 17:00 0,14  3,6  3,0 69,7   7,4
597 17-12-2024 16:00 0,14  4,2  4,2 68,8   6,0
598 17-12-2024 15:00 0,15  2,9  2,6 71,0   5,3
599 17-12-2024 14:00 0,14  2,4  2,6 73,3   1,4
600 17-12-2024 13:00 0,14  1,6  1,8 75,7   2,8
601 17-12-2024 12:00 0,14  1,8  1,7 75,3  0,40
602 17-12-2024 11:00 0,13  1,9  2,2 75,1   3,7
603 17-12-2024 10:00 0,13  1,7  1,8 75,5      
604 17-12-2024 09:00 0,12  2,4  2,7 76,1   7,3
605 17-12-2024 08:00 0,13  3,3  3,3 76,0   7,7
606 17-12-2024 07:00 0,14  1,7  2,2 78,9   7,4
607 17-12-2024 06:00 0,15 0,80 0,98 81,1   5,0
608 17-12-2024 05:00 0,14 0,89 0,83 73,1   7,6
609 17-12-2024 04:00 0,17 0,78 0,79 71,4   8,1
610 17-12-2024 03:00 0,19 0,88 0,99 71,4   8,7
611 17-12-2024 02:00 0,18  1,2  1,2 70,2  12,8
612 17-12-2024 01:00 0,16  1,1 0,38 70,5  10,3
613 17-12-2024 00:00 0,17  1,5  1,2 70,2   7,6
614 16-12-2024 23:00 0,17  1,2  1,1 71,5   7,8
615 16-12-2024 22:00 0,17  1,3  1,2 72,2   5,6
616 16-12-2024 21:00 0,17  1,5  1,3 72,7   4,0
617 16-12-2024 20:00 0,17  1,6  1,5 72,8   4,4
618 16-12-2024 19:00 0,17  1,5  1,9 73,2   3,7
619 16-12-2024 18:00 0,17  1,7  1,8 71,0   3,6
620 16-12-2024 17:00 0,17  1,9  1,9 69,4   4,3
621 16-12-2024 16:00 0,16  2,5  2,4 66,9   3,5
622 16-12-2024 15:00 0,16  1,7  1,8 73,2  10,3
623 16-12-2024 14:00 0,16  2,1  1,8 75,4   9,2
624 16-12-2024 13:00 0,16  2,5  2,4 75,6  13,7
625 16-12-2024 12:00 0,16  2,0  2,0 77,7  15,3
626 16-12-2024 11:00 0,15  1,5  1,7 78,2  18,0
627 16-12-2024 10:00 0,16  1,8  1,4 78,8  17,7
628 16-12-2024 09:00 0,16  1,5  1,3 78,7  18,6
629 16-12-2024 08:00 0,15  1,8  1,8 78,1  11,4
630 16-12-2024 07:00 0,17  1,1  1,0 76,1  10,4
631 16-12-2024 06:00 0,16 0,93  1,1 73,3   9,1
632 16-12-2024 05:00 0,15 0,55 0,69 69,4  16,6
633 16-12-2024 04:00 0,15 0,97  1,2 69,7  17,1
634 16-12-2024 03:00 0,14  1,1  1,1 69,6  13,2
635 16-12-2024 02:00 0,14  1,2  1,5 69,0  10,0
636 16-12-2024 01:00 0,15 0,90  1,1 69,7  12,5
637 16-12-2024 00:00 0,14  1,1  1,4 68,1  11,2
638 15-12-2024 23:00 0,14  1,1  1,4 67,4  15,9
639 15-12-2024 22:00 0,16  1,4  1,6 67,2  14,9
640 15-12-2024 21:00 0,15  1,6  2,0 65,7  15,4
641 15-12-2024 20:00 0,15  1,8  2,1 65,2  11,0
642 15-12-2024 19:00 0,14  1,4  1,7 66,5   8,7
643 15-12-2024 18:00 0,15  2,3  2,7 63,6   7,0
644 15-12-2024 17:00 0,17  2,5  2,6 58,9   6,6
645 15-12-2024 16:00 0,14  3,0  3,1 58,2   6,9
646 15-12-2024 15:00 0,14  3,2  3,5 61,1   4,5
647 15-12-2024 14:00 0,14  3,1  3,4 65,4   3,6
648 15-12-2024 13:00 0,16  3,0  3,3 66,3   5,2
649 15-12-2024 12:00 0,14  3,0  3,4 66,5   8,0
650 15-12-2024 11:00 0,13  2,8  3,4 68,5   6,5
651 15-12-2024 10:00 0,14  2,7  3,1 67,1  10,5
652 15-12-2024 09:00 0,13  2,7  3,3 69,7   9,5
653 15-12-2024 08:00 0,12  1,6  1,8 71,5  10,9
654 15-12-2024 07:00 0,14  1,0  1,3 72,2  12,0
655 15-12-2024 06:00 0,13  1,5  1,9 73,3  10,0
656 15-12-2024 05:00 0,13  2,0  2,6 73,4  11,0
657 15-12-2024 04:00 0,13  1,6  2,1 74,6  12,4
658 15-12-2024 03:00 0,13 0,71 0,82 75,7  12,2
659 15-12-2024 02:00 0,12           75,4  12,7
660 15-12-2024 01:00 0,13           73,5  11,6
661 15-12-2024 00:00 0,14           75,4  10,6
662 14-12-2024 23:00 0,14 0,04 0,10 73,3  10,4
663 14-12-2024 22:00 0,14 0,86 0,17 70,9  10,3
664 14-12-2024 21:00 0,14 0,47 0,07 73,4   9,2
665 14-12-2024 20:00 0,13  1,5  1,1 71,5   9,1
666 14-12-2024 19:00 0,16  2,3  1,7 69,7  10,7
667 14-12-2024 18:00 0,14  1,2 0,35 67,0   9,1
668 14-12-2024 17:00 0,17  2,8  2,3 62,0   8,6
669 14-12-2024 16:00 0,19  7,0  6,2 47,2   9,2
670 14-12-2024 15:00 0,22 11,3 11,3 29,4   9,2
671 14-12-2024 14:00 0,25 15,1 16,0 19,5   6,5
672 14-12-2024 13:00 0,26 14,3 15,9 17,4   4,0
673 14-12-2024 12:00 0,26 11,2 12,7 21,3   5,7
674 14-12-2024 11:00 0,20  6,4  6,2 31,5   4,0
675 14-12-2024 10:00 0,19  5,2  5,1 36,5   5,1
676 14-12-2024 09:00 0,18  5,1  4,4 36,6   9,2
677 14-12-2024 08:00 0,20  6,2  5,7 34,2   7,8
678 14-12-2024 07:00 0,21  6,7  6,5 31,3  12,3
679 14-12-2024 06:00 0,20  6,7  6,5 31,8  11,3
680 14-12-2024 05:00 0,21  7,1  6,6 34,2   9,3
681 14-12-2024 04:00 0,23  6,8  6,6 38,1   5,4
682 14-12-2024 03:00 0,23  4,2  4,0 45,7   6,7
683 14-12-2024 02:00 0,22  4,5  4,3 48,2   8,2
684 14-12-2024 01:00 0,22  5,7  5,5 46,6   7,6
685 14-12-2024 00:00 0,22  4,6  4,6 52,1   7,8
686 13-12-2024 23:00 0,23  4,6  5,0 54,4   6,3
687 13-12-2024 22:00 0,23  3,9  3,9 57,0   5,0
688 13-12-2024 21:00 0,21  3,2  2,8 59,5   5,2
689 13-12-2024 20:00 0,21  3,6  3,4 61,0   4,4
690 13-12-2024 19:00 0,20  3,6  3,4 62,3   5,4
691 13-12-2024 18:00 0,20  4,6  4,5 60,4   3,6
692 13-12-2024 17:00 0,21  4,3  4,1 61,8   5,3
693 13-12-2024 16:00 0,18  2,4  2,3 67,6   3,4
694 13-12-2024 15:00 0,20  2,4  2,5 67,4   4,3
695 13-12-2024 14:00 0,19  2,0  2,4 70,0   3,5
696 13-12-2024 13:00 0,19  2,0  1,9 69,2   1,3
697 13-12-2024 12:00 0,17  2,8  2,8 64,7   1,6
698 13-12-2024 11:00 0,17  3,4  3,4 62,7   2,5
699 13-12-2024 10:00 0,21  6,6  6,3 52,6   3,6
700 13-12-2024 09:00 0,22 10,1 10,3 45,5   9,3
701 13-12-2024 08:00 0,22 21,4 21,9 34,1  12,8
702 13-12-2024 07:00 0,20 18,0 18,3 33,0   8,3
703 13-12-2024 06:00 0,20 11,5 11,5 36,0   6,9
704 13-12-2024 05:00 0,20  8,5  8,5 39,8   6,9
705 13-12-2024 04:00 0,19  4,3  4,5 39,3   7,4
706 13-12-2024 03:00 0,16  4,0  4,6 45,8   8,0
707 13-12-2024 02:00 0,16  4,4  4,9 47,5   8,0
708 13-12-2024 01:00 0,14  4,5  5,1 45,7   7,1
709 13-12-2024 00:00 0,14  4,9  5,5 50,7   7,7
710 12-12-2024 23:00 0,14  2,8  3,3 56,3   6,8
711 12-12-2024 22:00 0,14  2,0  2,5 59,2   6,6
712 12-12-2024 21:00 0,14  1,9  2,6 57,6   7,6
713 12-12-2024 20:00 0,13  1,2  1,7 60,6   6,3
714 12-12-2024 19:00 0,13  1,3  1,5 61,3   5,9
715 12-12-2024 18:00 0,14  1,3  1,9 64,3   6,7
716 12-12-2024 17:00 0,13  1,2  1,6 65,1   4,2
717 12-12-2024 16:00 0,14  2,0  2,5 63,6   4,7
718 12-12-2024 15:00 0,14  1,6  2,3 61,3   3,4
719 12-12-2024 14:00 0,14  2,5  3,6 60,3   3,1
720 12-12-2024 13:00 0,16  8,2 10,0 41,7   7,8
721 12-12-2024 12:00 0,18 11,8 15,0 30,8   8,1
722 12-12-2024 11:00 0,17 10,6 13,7 26,8   8,3
723 12-12-2024 10:00 0,17 13,6 17,1 25,0   8,1
724 12-12-2024 09:00 0,17 11,6 13,1 26,2   8,1
725 12-12-2024 08:00 0,15 12,4 13,9 26,3   9,7
726 12-12-2024 07:00 0,14  8,0  9,6 33,7  10,1
727 12-12-2024 06:00 0,14  5,7  6,5 40,8   7,3
728 12-12-2024 05:00 0,14  3,3  3,7 45,5   6,9
729 12-12-2024 04:00 0,14  3,0  3,4 48,8   6,0
730 12-12-2024 03:00 0,18  4,0  3,6 45,5   4,5
731 12-12-2024 02:00 0,21  4,8  4,6 41,3   5,4
732 12-12-2024 01:00 0,20  5,9  5,7 39,9   5,2
733 12-12-2024 00:00 0,23  9,1  8,7 31,5  10,1
734 11-12-2024 23:00 0,25  7,2  7,2 33,1   9,9
735 11-12-2024 22:00 0,23  6,7  6,6 37,8   8,0
736 11-12-2024 21:00 0,23  5,8  5,1 44,1   5,5
737 11-12-2024 20:00 0,23  6,4  6,3 45,9  11,1
738 11-12-2024 19:00 0,23  9,0  8,9 44,6  14,4
739 11-12-2024 18:00 0,22  5,8  5,4 48,9   8,6
740 11-12-2024 17:00 0,20  5,7  5,3 50,1   8,2
741 11-12-2024 16:00 0,21  6,5  6,3 50,2   7,4
742 11-12-2024 15:00 0,21  6,1  5,7 54,4   6,9
743 11-12-2024 14:00 0,20  3,4  3,4 62,9   6,4
744 11-12-2024 13:00 0,20  2,8  2,6 64,8   6,6
745 11-12-2024 12:00 0,20  2,8  2,4 64,9   6,4
[1] "starttid"   "CO"         "NO2"        "NOX"        "SO2"       
[6] "O3"         "PM10"       "PM2.5"      "ScrapeTime"
[1] "starttid"   "NO2"        "NOX"        "ScrapeTime"
[1] "starttid"   "CO"         "NO2"        "NOX"        "PM10"      
[6] "ScrapeTime"
[1] "starttid"   "CO"         "NO2"        "NOX"        "O3"        
[6] "PM10"       "ScrapeTime"
